cell,low_b0,high_b0,b2,chip_atten,ours_atten,spec_atten,chip_residual,ours_residual
1,0,4,8,-0.004783163265306145,0.011891370721516914,0.0,-0.004783163265306145,0.011891370721516914
2,0,8,8,0.2216198979591838,0.16342600032138832,0.2908468994435126,-0.06922700148432881,-0.1274208991221243
3,0,12,8,0.30341198979591844,0.17322834645669283,0.28578332795157013,0.017628661844348303,-0.1125549814948773
4,0,16,8,0.3263711734693878,0.17853125502169365,0.28578332795157013,0.04058784551781769,-0.10725207292987649
5,0,20,8,0.30341198979591844,0.0988269323477422,0.15309147222681352,0.15032051756910492,-0.054264539879071316
6,0,24,8,0.29225127551020413,0.14751727462638597,0.2754027165473202,0.016848558962883953,-0.1278854419209342
7,0,28,8,0.27200255102040816,0.15314157158926556,0.270573749987441,0.001428801032967164,-0.11743217839817544
8,0,32,8,0.26530612244897966,0.10670094809577368,0.17621289732208734,0.08909322512689233,-0.06951194922631365
9,0,36,8,0.21556122448979598,0.15603406717017498,0.28526069794367803,-0.06969947345388205,-0.12922663077350305
10,0,40,8,0.21141581632653061,0.17049654507472267,0.26047087005229785,-0.04905505372576724,-0.08997432497757518
11,0,44,8,0.22751913265306123,0.16181905833199417,0.24818730722894788,-0.020668174575886655,-0.08636824889695371
12,0,48,8,0.24968112244897966,0.17387112325245047,0.26668623682776027,-0.017005114378780606,-0.0928151135753098
13,0,52,8,0.2662627551020409,0.1778884782259359,0.25516135123096495,0.011101403871075943,-0.07727287300502905
14,0,56,8,0.217155612244898,0.16888960308532852,0.26766177112655076,-0.050506158881652774,-0.09877216804122224
15,0,60,8,0.23453443877551017,0.16310461192350956,0.28916974173638665,-0.054635302960876486,-0.1260651298128771
16,0,64,8,0.23038903061224503,0.15764100915956925,0.2611827054176624,-0.030793674805417393,-0.10354169625809317
17,0,68,8,0.25701530612244905,0.16487224811184298,0.29155868031383736,-0.03454337419138831,-0.12668643220199438
18,0,72,8,0.26594387755102045,0.16503294231078247,0.2659935882324017,-4.971068138126533e-05,-0.10096064592161924
19,0,76,8,0.26307397959183676,0.17981680861320903,0.28455934887100176,-0.021485369279165,-0.10474254025779273
20,0,80,8,0.2649872448979592,0.21902619315442706,0.3009216179968822,-0.035934373098923,-0.08189542484245516
21,0,84,8,0.3142538265306123,0.2264181263056404,0.278718808232266,0.035535018298346266,-0.052300681926625625
22,0,88,8,0.3035714285714286,0.25100433874337125,0.3014273607310528,0.0021440678403757962,-0.05042302198768156
23,0,92,8,0.324139030612245,0.24698698376988582,0.2973535571357191,0.026785473476525934,-0.05036657336583328
24,0,96,8,0.3461415816326531,0.2460228185762494,0.2999146819905135,0.04622689964213955,-0.05389186341426411
25,0,100,8,0.3533163265306123,0.22818576249397393,0.2806168749754132,0.07269945155519908,-0.05243111248143928
26,0,104,8,0.332748724489796,0.22432910171942788,0.2857568558311432,0.04699186865865279,-0.061427754111715305
27,0,108,8,0.3286033163265306,0.22368632492367013,0.30031890257211147,0.028284413754419147,-0.07663257764844134
28,0,112,8,0.3274872448979592,0.20183191386790933,0.29915321789489413,0.028334027003065088,-0.0973213040269848
29,0,116,8,0.23022959183673475,0.18094166800578493,0.29497712322363123,-0.06474753138689648,-0.1140354552178463
31,4,8,8,0.24344629156010233,0.1496037522238396,0.2908468994435126,-0.04740060788341027,-0.14124314721967302
32,4,12,8,0.28468670076726343,0.16157205240174666,0.28578332795157013,-0.0010966271843066977,-0.12421127554982347
33,4,16,8,0.30051150895140666,0.15914604560892764,0.28578332795157013,0.014728180999836527,-0.1266372823426425
34,4,20,8,0.2698209718670077,0.10642083131166091,0.15309147222681352,0.11672949964019419,-0.046670640915152606
35,4,24,8,0.2899616368286445,0.20669577874818046,0.2754027165473202,0.014558920281324328,-0.06870693779913972
36,4,28,8,0.2747762148337596,0.19893255701115953,0.270573749987441,0.004202464846318588,-0.07164119297628146
37,4,32,8,0.12100383631713563,0.1602781821122431,0.17621289732208734,-0.05520906100495171,-0.01593471520984424
38,4,36,8,0.21962915601023025,0.19084586770176282,0.28526069794367803,-0.06563154193344778,-0.09441483024191522
39,4,40,8,0.2071611253196931,0.1772602296619763,0.26047087005229785,-0.05330974473260475,-0.08321064039032156
40,4,44,8,0.19597186700767266,0.15542616852660507,0.24818730722894788,-0.05221544022127522,-0.09276113870234282
41,4,48,8,0.23753196930946296,0.1683648714216398,0.26668623682776027,-0.029154267518297305,-0.09832136540612046
42,4,52,8,0.2487212276214834,0.1606016496846191,0.25516135123096495,-0.006440123609481541,-0.09455970154634585
43,4,56,8,0.2287404092071611,0.1604399158984311,0.26766177112655076,-0.03892136191938966,-0.10722185522811967
44,4,60,8,0.20012787723785175,0.18518518518518512,0.28916974173638665,-0.0890418644985349,-0.10398455655120153
45,4,64,8,0.1699168797953965,0.18308264596474189,0.2611827054176624,-0.09126582562226593,-0.07810005945292053
46,4,68,8,0.3296035805626599,0.21154779233381849,0.29155868031383736,0.038044900248822566,-0.08001088798001887
47,4,72,8,0.32289002557544755,0.2081513828238718,0.2659935882324017,0.056896437343045836,-0.05784220540852991
48,4,76,8,0.3093030690537084,0.1918162704188905,0.28455934887100176,0.024743720182706652,-0.09274307845211127
49,4,80,8,0.3139386189258312,0.16173378618793466,0.3009216179968822,0.013017000928948974,-0.13918783180894756
50,4,84,8,0.2691815856777494,0.13019569788128738,0.278718808232266,-0.009537222554516611,-0.14852311035097865
51,4,88,8,0.21403452685421998,0.15445576580947762,0.3014273607310528,-0.08739283387683283,-0.1469715949215752
52,4,92,8,0.21882992327365736,0.1772602296619763,0.2973535571357191,-0.07852363386206174,-0.1200933274737428
53,4,96,8,0.22170716112531974,0.1911693352741387,0.2999146819905135,-0.07820752086519378,-0.10874534671637481
54,4,100,8,0.23273657289002558,0.18987546498463526,0.2806168749754132,-0.04788030208538763,-0.09074140999077795
55,4,104,8,0.2320971867007673,0.2138120653404495,0.2857568558311432,-0.0536596691303759,-0.07194479049069369
56,4,108,8,0.28117007672634275,0.2809315866084424,0.30031890257211147,-0.019148825845768713,-0.01938731596366905
57,4,112,8,0.3773976982097187,0.32767265081675556,0.29915321789489413,0.07824448031482456,0.028519432921861432
58,4,116,8,0.38491048593350385,0.3014717774543102,0.29497712322363123,0.08993336270987262,0.0064946542306789645
60,8,12,8,0.2013996889580093,0.1556469471686177,0.28680726650293276,-0.08540757754492345,-0.13116031933431505
61,8,16,8,0.23312597200622076,0.1739955710218285,0.28680726650293276,-0.053681294496711995,-0.11281169548110426
62,8,20,8,0.25769828926905125,0.1673521037646315,0.265847066257072,-0.008148776988020745,-0.0984949624924405
63,8,24,8,0.2699844479004666,0.09680480860487195,0.1966130867300092,0.0733713611704574,-0.09980827812513726
64,8,28,8,0.27542768273716955,0.11800063271116734,0.24070547335168258,0.03472220938548698,-0.12270484064051523
65,8,32,8,0.27496111975116644,0.13856374565011076,0.25605751568109314,0.0189036040700733,-0.11749377003098238
66,8,36,8,0.32954898911353026,0.1350838342296743,0.28496244052651754,0.04458654858701272,-0.14987860629684324
67,8,40,8,0.23219284603421464,0.13571654539702638,0.26068495392386204,-0.0284921078896474,-0.12496840852683566
68,8,44,8,0.23110419906687407,0.15453970262575145,0.27170119004855164,-0.04059699098167757,-0.11716148742280019
69,8,48,8,0.19424572317262823,0.14963619107877257,0.26140720405431683,-0.0671614808816886,-0.11177101297554426
70,8,52,8,0.1892690513219285,0.13192027839291376,0.22687840859000064,-0.03760935726807213,-0.09495813019708688
71,8,56,8,0.20575427682737168,0.15453970262575145,0.2938571080526793,-0.0881028312253076,-0.13931740542692783
72,8,60,8,0.18227060653188187,0.11926605504587173,0.2523196686093657,-0.07004906207748385,-0.133053613563494
73,8,64,8,0.153810264385692,0.12891490034799113,0.271560620319689,-0.11775035593399696,-0.14264571997169784
74,8,68,8,0.17667185069984448,0.1255931667193927,0.290845949915745,-0.11417409921590049,-0.16525278319635228
75,8,72,8,0.28429237947122865,0.12227143309079413,0.2818835744763438,0.002408804994884828,-0.1596121413855497
76,8,76,8,0.3220839813374806,0.11863334387851943,0.2783388276094043,0.0437451537280763,-0.1597054837308849
77,8,80,8,0.34479004665629853,0.13555836760518825,0.2969912200315099,0.047798826624788626,-0.16143285242632166
78,8,84,8,0.34447900466562986,0.13714014552356857,0.27490024472194563,0.06957875994368423,-0.13776009919837706
79,8,88,8,0.3284603421461897,0.18617526099335657,0.30473169356305874,0.02372864858313095,-0.11855643256970216
80,8,92,8,0.3261275272161742,0.17636823789939893,0.2794891710837566,0.046638356132417624,-0.10312093318435767
81,8,96,8,0.2872472783825817,0.1833280607402722,0.28763674402121386,-0.0003894656386321804,-0.10430868328094167
82,8,100,8,0.30653188180404356,0.18079721607086374,0.2900794580725423,0.016452423731501242,-0.10928224200167858
83,8,104,8,0.32799377916018657,0.17889908256880738,0.2968103362162523,0.03118344294393427,-0.11791125364744492
84,8,108,8,0.3334370139968895,0.17652641569123695,0.3034642934930697,0.029972720503819827,-0.12693787780183274
85,8,112,8,0.3144634525660964,0.16814299272382172,0.3086583981971607,0.005805054368935747,-0.14051540547333896
86,8,116,8,0.3082426127527216,0.15817779183802594,0.29997291449287355,0.008269698259848024,-0.14179512265484762
88,12,16,8,-0.0181818181818183,0.04272434751519483,0.0,-0.0181818181818183,0.04272434751519483
89,12,20,8,0.09108734402852059,0.11816231676796562,0.0949860805988253,-0.003898736570304706,0.02317623616914033
90,12,24,8,0.13030303030303036,0.09134787272077216,0.12074077030054642,0.009562260002483947,-0.029392897579774258
91,12,28,8,0.13422459893048133,0.03378619949946371,0.0479089316957676,0.08631566723471373,-0.014122732196303889
92,12,32,8,0.16149732620320856,0.05863425098319619,0.07303311370629428,0.08846421249691427,-0.014398862723098094
93,12,36,8,0.14563279857397504,0.0809796210225241,0.11463671302098188,0.030996085552993158,-0.03365709199845779
94,12,40,8,0.15811051693404632,0.07329281372899532,0.10551787057253792,0.0525926463615084,-0.0322250568435426
95,12,44,8,0.05828877005347599,0.09831962817304252,0.09090410647093783,-0.03261533641746184,0.007415521702104688
96,12,48,8,0.034224598930481354,0.08223096174472655,0.056316996329514146,-0.022092397399032793,0.025913965415212403
97,12,52,8,0.059893048128342286,0.10100107257776192,0.08971019007678183,-0.02981714194843954,0.011290882500980093
98,12,56,8,0.06755793226381457,0.1088666428316053,0.12953192088333743,-0.06197398861952286,-0.020665278051732128
99,12,60,8,0.05508021390374329,0.10529138362531276,0.11030665787613303,-0.05522644397238974,-0.0050152742508202675
100,12,64,8,0.06613190730837792,0.09420808008580617,0.11138229430073232,-0.0452503869923544,-0.017174214214926153
101,12,68,8,0.10516934046345816,0.10725777618877375,0.12758338683322656,-0.022414046369768403,-0.02032561064445282
102,12,72,8,0.10445632798573978,0.10207365033964955,0.14039561372569953,-0.03593928573995975,-0.038321963386049984
103,12,76,8,0.25347593582887695,0.09867715409367173,0.11316199495910839,0.14031394086976856,-0.014484840865436666
104,12,80,8,0.27486631016042784,0.13353593135502317,0.13590992162507698,0.13895638853535086,-0.002373990270053805
105,12,84,8,0.22335115864527633,0.13836253128351805,0.09994447403546058,0.12340668460981574,0.03841805724805747
106,12,88,8,0.2540106951871658,0.20557740436181626,0.1390545701670879,0.1149561250200779,0.06652283419472838
107,12,92,8,0.22941176470588232,0.2518770110833035,0.12240298240925807,0.10700878229662425,0.12947402867404545
108,12,96,8,0.220855614973262,0.27279227744011436,0.1344673155529792,0.08638829942028281,0.13832496188713517
109,12,100,8,0.22495543672014262,0.2883446549874865,0.14133349892731029,0.08362193779283233,0.14701115606017623
110,12,104,8,0.20374331550802138,0.2742223811226313,0.13310661890860254,0.07063669659941885,0.14111576221402877
111,12,108,8,0.21889483065953652,0.2543796925277082,0.13979612696339339,0.07909870369614314,0.11458356556431482
112,12,112,8,0.2349376114081997,0.23131927064712188,0.14772112387243863,0.08721648753576106,0.08359814677468325
113,12,116,8,0.13672014260249554,0.21111905613156945,0.1397161089030764,-0.0029959663005808546,0.07140294722849305
115,16,20,8,0.084472049689441,0.03998552560159219,0.0949860805988253,-0.010514030909384298,-0.05500055499723311
116,16,24,8,0.13078970718722271,0.09155056992943733,0.12074077030054642,0.010048936886676296,-0.029190200371109087
117,16,28,8,0.13203194321206735,0.08123756106386837,0.0479089316957676,0.08412301151629975,0.03332862936810077
118,16,32,8,0.13984028393966286,0.09553102949158687,0.07303311370629428,0.06680717023336857,0.022497915785292588
119,16,36,8,0.16965394853593618,0.08123756106386837,0.11463671302098188,0.0550172355149543,-0.033399151957113515
120,16,40,8,0.107187222715173,0.06802967251673608,0.10551787057253792,0.0016693521426350832,-0.037488198055801836
121,16,44,8,0.09387755102040807,0.037090645920028975,0.09090410647093783,0.002973444549470239,-0.053813460550908854
122,16,48,8,0.06654835847382434,0.022797177492310472,0.056316996329514146,0.010231362144310197,-0.033519818837203674
123,16,52,8,0.09210292812777277,0.04143296544237396,0.08971019007678183,0.002392738050990939,-0.04827722463440787
124,16,56,8,0.07950310559006202,0.11217658766057548,0.12953192088333743,-0.05002881529327541,-0.01735533322276195
125,16,60,8,0.06672582076308786,0.12737470598878242,0.11030665787613303,-0.04358083711304517,0.017068048112649392
126,16,64,8,0.05022182786157936,0.1179663470237019,0.11138229430073232,-0.06116046643915296,0.00658405272296958
127,16,68,8,0.07204968944099388,0.10095892889451796,0.12758338683322656,-0.055533697392232684,-0.0266244579387086
128,16,72,8,0.10328305235137536,0.09462637959109832,0.14039561372569953,-0.03711256137432417,-0.04576923413460121
129,16,76,8,0.1281277728482697,0.08539895060611546,0.11316199495910839,0.014965777889161314,-0.027763044352992927
130,16,80,8,0.13895297249334515,0.09553102949158687,0.13590992162507698,0.003043050868268171,-0.04037889213349011
131,16,84,8,0.11960958296362023,0.06658223267595453,0.09994447403546058,0.019665108928159647,-0.03336224135950605
132,16,88,8,0.16308784383318542,0.0768952415415235,0.1390545701670879,0.024033273666097532,-0.06215932862556439
133,16,92,8,0.20674356699201424,0.0714673421385924,0.12240298240925807,0.08434058458275617,-0.05093564027066566
134,16,96,8,0.25820763087843834,0.0446897050841325,0.1344673155529792,0.12374031532545915,-0.08977761046884669
135,16,100,8,0.26690328305235134,0.03600506603944287,0.14133349892731029,0.12556978412504105,-0.10532843288786742
136,16,104,8,0.290150842945874,0.06875339243712686,0.13310661890860254,0.15704422403727147,-0.06435322647147568
137,16,108,8,0.28589174800354933,0.040166455581689964,0.13979612696339339,0.14609562104015594,-0.09962967138170342
138,16,112,8,0.2977817213842059,0.08956034014836267,0.14772112387243863,0.15006059751176726,-0.05816078372407596
139,16,116,8,0.28979591836734697,0.178035100416139,0.1397161089030764,0.15007980946427057,0.03831899151306262
141,20,24,8,0.1612503868771279,0.09319738728692051,0.19979253703377542,-0.038542150156647526,-0.10659514974685491
142,20,28,8,0.15444134942742194,0.07694758642663702,0.163281929055466,-0.008840579628044076,-0.086334342628829
143,20,32,8,0.12534818941504178,0.01656842440656381,0.05906149695650165,0.06628669245854013,-0.04249307254993784
144,20,36,8,0.15366759517177353,0.03935000796558874,0.12635019000572212,0.02731740516605141,-0.08700018204013338
145,20,40,8,0.1737852058186321,0.08029313366257784,0.14141946191660193,0.032365743902030175,-0.06112632825402409
146,20,44,8,0.16558341070875893,0.07662896288035692,0.154239848148219,0.011343562560539922,-0.07761088526786208
147,20,48,8,0.12225317239244815,0.05145770272423145,0.11716034355150717,0.005092828840940977,-0.06570264082727573
148,20,52,8,0.11745589600742823,0.07407997451011628,0.09652739948659805,0.020928496520830175,-0.022447424976481778
149,20,56,8,0.11234911792014857,0.08857734586585952,0.1523757309172321,-0.040026612997083544,-0.06379838505137259
150,20,60,8,0.13695450324976788,0.05623705591843242,0.1457910232838422,-0.008836520034074313,-0.08955396736540977
151,20,64,8,0.10120705663881169,0.0732834156444161,0.10884505731821326,-0.007638000679401569,-0.03556164167379716
152,20,68,8,0.09068399876199318,0.0852317986299187,0.16033615744978114,-0.06965215868778796,-0.07510435881986244
153,20,72,8,0.05184153512844325,0.08491317508363883,0.14209868256317915,-0.0902571474347359,-0.05718550747954032
154,20,76,8,0.05926957598266802,0.09925123466624197,0.13893970310085968,-0.07967012711819166,-0.03968846843461771
155,20,80,8,0.06282884555865065,0.13541500716902977,0.16007287085772537,-0.09724402529907472,-0.024657863688695603
156,20,84,8,0.15567935623645934,0.1671180500238969,0.14414057521790247,0.011538781018556876,0.022977474805994436
157,20,88,8,0.1609408851748685,0.1666401147044767,0.16611718895816674,-0.005176303783298253,0.0005229257463099657
158,20,92,8,0.15567935623645934,0.16950772662099745,0.15694419840365792,-0.0012648421671985766,0.012563528217339526
159,20,96,8,0.1954503249767875,0.15931177314003508,0.15815328258755545,0.03729704238923204,0.0011584905524796296
160,20,100,8,0.2581244196843083,0.12426318304922734,0.14612466434889615,0.11199975533541218,-0.021861481299668806
161,20,104,8,0.3110492107706593,0.10482714672614313,0.1535391782494111,0.15751003252124818,-0.048712031523267973
162,20,108,8,0.3025379139585268,0.08507248685677882,0.16332391695963477,0.13921399699889203,-0.07825143010285596
163,20,112,8,0.3351903435468895,0.06786681535765493,0.17274533544730253,0.16244500809958695,-0.1048785200896476
164,20,116,8,0.3381306097183535,0.04349211406722964,0.1631050680417273,0.1750255416766262,-0.11961295397449767
166,24,28,8,0.14300117627289533,0.09718713154791991,0.10657688055948622,0.036424295713409105,-0.009389749011566306
167,24,32,8,0.15577213913627974,0.14687552636011458,0.13180809533417293,0.023964043802106816,0.015067431025941658
168,24,36,8,0.13392707108049073,0.15428667677278085,0.07896035182587391,0.054966719254616825,0.07532632494690694
169,24,40,8,0.14888254074945395,0.15108640727640232,0.14290426004243462,0.0059782807070193345,0.008182147233967707
170,24,44,8,0.1228364980675517,0.06754252989725451,0.09829516303895414,0.024541335028597566,-0.030752633141699626
171,24,48,8,0.07628969921021678,0.048509348155634235,0.08165187353163461,-0.005362174321417834,-0.033142525376000376
172,24,52,8,0.12418080994790792,0.1032508000673742,0.12204092174359715,0.002139888204310769,-0.01879012167622296
173,24,56,8,0.1418249033775837,0.1312110493515245,0.12049359925593395,0.02133130412164974,0.010717450095590553
174,24,60,8,0.1628297765081499,0.12110493515243403,0.10715650360543294,0.05567327290271695,0.013948431547001094
175,24,64,8,0.14652999495883057,0.1318847902981305,0.12032867591823637,0.026201319040594195,0.011556114379894122
176,24,68,8,0.11443454881532522,0.1684352366515076,0.1239626673912283,-0.009528118575903077,0.044472569260279315
177,24,72,8,0.1078810283985886,0.17534108135421933,0.16388502304637886,-0.05600399464779027,0.011456058307840467
178,24,76,8,0.09679045538564945,0.13929594071079676,0.13150944512279095,-0.03471898973714149,0.007786495588005815
179,24,80,8,0.10435220971265335,0.15327606535287186,0.15900438524212657,-0.05465217552947321,-0.005728319889254707
180,24,84,8,0.05998991766089745,0.11942058278591894,0.1391735577320965,-0.07918364007119905,-0.01975297494617756
181,24,88,8,0.3338934632834818,0.13373757790129714,0.15970743958186484,0.17418602370161695,-0.025969861680567696
182,24,92,8,0.3261636699714334,0.10122957722755599,0.13920788874227108,0.18695578122916234,-0.03797831151471509
183,24,96,8,0.3110401613174256,0.1032508000673742,0.15724410182364124,0.1537960594937844,-0.05399330175626704
184,24,100,8,0.3201142665098302,0.09802930773117746,0.17538420761720408,0.14473005889262613,-0.07735489988602662
185,24,104,8,0.30717526466140144,0.08000673740946607,0.15649428776377516,0.15068097689762627,-0.0764875503543091
186,24,108,8,0.30179801713997645,0.06636348324069408,0.1583713449831039,0.14342667215687255,-0.09200786174240982
187,24,112,8,0.28600235254579065,0.05625736904160361,0.16853544044057234,0.11746691210521831,-0.11227807139896873
188,24,116,8,0.28986724920181484,0.04547751389590704,0.16451312760526182,0.12535412159655301,-0.11903561370935478
190,28,32,8,0.07937551355792927,0.04838442419221212,0.0784529183549113,0.0009225952030179618,-0.03006849416269919
191,28,36,8,0.13114215283483965,0.10008285004142503,0.13722085948299967,-0.006078706648160015,-0.03713800944157464
192,28,40,8,0.10123253903040264,0.08334714167357071,0.07443422946920486,0.026798309561197775,0.008912912204365853
193,28,44,8,0.12259654889071492,0.14913007456503724,0.1317067326922513,-0.009110183801536387,0.017423341872785936
194,28,48,8,0.09646672144617918,0.16967688483844234,0.10131480119734826,-0.0048480797511690765,0.06836208364109408
195,28,52,8,0.06606409202958097,0.16884838442419214,0.08314987071089575,-0.01708577868131478,0.0856985137132964
196,28,56,8,0.037469186524239806,0.18757249378624685,0.11163176842943479,-0.07416258190519498,0.07594072535681207
197,28,60,8,0.03451109285127363,0.14896437448218725,0.13356941760449936,-0.09905832475322573,0.015394956877687882
198,28,64,8,0.03368940016433852,0.12526926263463134,0.12891196247572878,-0.09522256231139026,-0.003642699841097441
199,28,68,8,0.037962202136401,0.10273405136702574,0.1403205713109581,-0.1023583691745571,-0.03758651994393236
200,28,72,8,0.049630238290879314,0.09726594863297444,0.14149293460401835,-0.09186269631313904,-0.04422698597104391
201,28,76,8,0.0604765817584223,0.12526926263463134,0.12398421279840832,-0.06350763103998602,0.0012850498362230178
202,28,80,8,0.08364831552999175,0.14034797017398515,0.12976629157337938,-0.04611797604338763,0.01058167860060577
203,28,84,8,0.10682004930156119,0.11698425849212923,0.1308195123354573,-0.023999463033896107,-0.013835253843328066
204,28,88,8,0.08874281018898933,0.09096934548467273,0.1370102986044266,-0.048267488415437265,-0.04604095311975387
205,28,92,8,0.22662284305669678,0.09246064623032302,0.13981291364958892,0.08680992940710786,-0.0473522674192659
206,28,96,8,0.2737880032867708,0.13140016570008273,0.14355499799932947,0.1302330052874413,-0.012154832299246743
207,28,100,8,0.2770747740345111,0.16122618061309035,0.12706025013380562,0.15001452390070547,0.034165930479284734
208,28,104,8,0.2627773212818405,0.15526097763048885,0.1333280155579133,0.1294493057239272,0.021932962072575557
209,28,108,8,0.285784716516023,0.25169842584921287,0.1531632761363514,0.1326214403796716,0.09853514971286148
210,28,112,8,0.2790468364831553,0.3111847555923778,0.1556362728029811,0.12341056368017422,0.1555484827893967
211,28,116,8,0.26310599835661463,0.2795360397680199,0.14690559411254622,0.11620040424406841,0.13263044565547366
213,32,36,8,0.13255504654943107,0.10496819145713432,0.16686400695127823,-0.034308960401847166,-0.06189581549414391
214,32,40,8,0.16166691295995284,0.11072402302332629,0.1604504845537349,0.0012164284062179398,-0.049726461530408606
215,32,44,8,0.1712723511157087,0.13405028779157835,0.13387640067825202,0.03739595043745669,0.000173887113326332
216,32,48,8,0.18782325993793414,0.1479854589518328,0.12215221978841928,0.06567104014951486,0.025833239163413513
217,32,52,8,0.20540860056154864,0.1267797637079674,0.1339022241380884,0.07150637642346025,-0.0071224604301209915
218,32,56,8,0.14038717304566273,0.15358982126628307,0.15749678987053428,-0.017109616824871554,-0.003906968604251215
219,32,60,8,0.13713610166986856,0.11405634656164809,0.1485753758245213,-0.011439274154652734,-0.0345190292628732
220,32,64,8,0.10477316388355262,0.12072099363829147,0.137630717313037,-0.032857553429484376,-0.016909723674745525
221,32,68,8,0.13270282252105814,0.14147228112693133,0.16581212076796703,-0.03310929824690889,-0.0243398396410357
222,32,72,8,0.10093098862125027,0.1446531354135111,0.14553643161136798,-0.044605442990117705,-0.0008832961978568754
223,32,76,8,0.06989803457957744,0.14586488942744635,0.14936307468298793,-0.07946504010341049,-0.003498185255541575
224,32,80,8,0.07861681690557121,0.12632535595274175,0.17248258800488625,-0.09386577109931504,-0.0461572320521445
225,32,84,8,0.04521944731786609,0.09784913662526507,0.15187558068579599,-0.1066561333679299,-0.05402644406053092
226,32,88,8,0.057484852962908395,0.11541956982732515,0.18354710197126534,-0.12606224900835694,-0.06812753214394018
227,32,92,8,0.05216491798433587,0.10845198424719782,0.16449649231457675,-0.11233157433024088,-0.05604450806737893
228,32,96,8,0.3137283877641496,0.08997273553468654,0.1764541301517779,0.13727425761237166,-0.08648139461709137
229,32,100,8,0.3014629821191075,0.08845804301726767,0.1490451513397295,0.15241783077937798,-0.060587108322461836
230,32,104,8,0.29215309590660565,0.07285671008785222,0.15875739699546132,0.13339569891114433,-0.0859006869076091
231,32,108,8,0.29584749519728093,0.0946682823386853,0.1811136671568987,0.11473382804038224,-0.0864453848182134
232,32,112,8,0.2905275602187084,0.15934565283247504,0.1840391515486356,0.10648840867007281,-0.024693498716160556
233,32,116,8,0.29303975173636776,0.17585580127234168,0.17312424880113364,0.11991550293523412,0.002731552471208043
235,36,40,8,0.1444938670979915,0.10818553888130966,0.18048318793496765,-0.035989320836976146,-0.07229764905365799
236,36,44,8,0.21296670710338317,0.1271487039563438,0.24033114512876097,-0.027364438025377802,-0.11318244117241716
237,36,48,8,0.17549534977759795,0.0673942701227831,0.11462747119788252,0.06086787857971543,-0.04723320107509943
238,36,52,8,0.18641326324302465,0.10859481582537522,0.14656932845136605,0.0398439347916586,-0.03797451262599083
239,36,56,8,0.18479579458148,0.12960436562073674,0.17752190097238674,0.0072738936090932516,-0.04791753535165
240,36,60,8,0.16889068607629054,0.11405184174624827,0.1985449825245893,-0.029654296448298756,-0.08449314077834102
241,36,64,8,0.13775441434155533,0.11473396998635743,0.10696087330977944,0.030793541031775895,0.007773096676577995
242,36,68,8,0.19746596576358,0.1409276944065484,0.21846800872047645,-0.02100204295689645,-0.07754031431392805
243,36,72,8,0.18803073190456931,0.14324693042291947,0.20178120285730106,-0.013750470952731741,-0.058534272434381585
244,36,76,8,0.14489823426337778,0.14611186903137796,0.18411876499525437,-0.03922053073187659,-0.03800689596387641
245,36,80,8,0.16215123331985437,0.18158253751705322,0.2162908837685712,-0.054139650448716825,-0.034708346251517974
246,36,84,8,0.1639034910365279,0.16261937244201918,0.19286138458915847,-0.028957893552630565,-0.030242012147139286
247,36,88,8,0.15406389001213094,0.15252387448840377,0.19129632418994058,-0.03723243417780964,-0.038772449701536815
248,36,92,8,0.057959293705351134,0.14133697135061396,0.18784896582995103,-0.1298896721245999,-0.04651199447933707
249,36,96,8,0.11160533764658309,0.1207366984993179,0.1786454271385537,-0.0670400894919706,-0.057908728639235796
250,36,100,8,0.35584310553983023,0.13601637107776265,0.23974574249690184,0.11609736304292839,-0.10372937141913918
251,36,104,8,0.3268634586871546,0.10559345156889488,0.20177159404789113,0.12509186463926347,-0.09617814247899625
252,36,108,8,0.3202587949858471,0.09358799454297406,0.18282446275619346,0.13743433222965362,-0.0892364682132194
253,36,112,8,0.3253807790807386,0.0931787175989085,0.20961379620584042,0.11576698287489817,-0.11643507860693192
254,36,116,8,0.31796738104865885,0.09604365620736699,0.20985131779039534,0.1081160632582635,-0.11380766158302835
256,40,44,8,0.21119324181626187,0.12603110209601087,0.3173035915698914,-0.10611034975362954,-0.19127248947388054
257,40,48,8,0.21185322069693768,0.12589587559161597,0.23758338836187376,-0.025730167664936077,-0.11168751277025779
258,40,52,8,0.2123812038014783,0.0724814063556457,0.10892400216694309,0.1034572016345352,-0.036442595811297385
259,40,56,8,0.20248152059134106,0.12751859364435425,0.2043753129627014,-0.0018937923713603366,-0.07685671931834714
260,40,60,8,0.20538542766631473,0.1825557809330629,0.26343460971129373,-0.058049182044979,-0.08087882877823083
261,40,64,8,0.13925554382259764,0.17214334009465848,0.23010730383770828,-0.09085176001511064,-0.057963963743049796
262,40,68,8,0.13120380147835264,0.16402974983096685,0.17659033486298392,-0.04538653338463128,-0.012560585032017069
263,40,72,8,0.16327877507919752,0.1709263015551048,0.20933990395160984,-0.046061128872412316,-0.03841360239650504
264,40,76,8,0.19891763463569168,0.1463150777552401,0.18797165729986065,0.010945977335831025,-0.04165657954462054
265,40,80,8,0.17819429778247098,0.10453008789722784,0.18340589618500558,-0.005211598402534601,-0.07887580828777774
266,40,84,8,0.2206969376979937,0.09317106152805943,0.21696151674143938,0.003735420956554325,-0.12379045521337995
267,40,88,8,0.2090813093980992,0.07559161595672748,0.21871808417434924,-0.009636774776250023,-0.14312646821762176
268,40,92,8,0.17779831045406558,0.08005409060175805,0.22323964027310683,-0.045441329819041254,-0.14318554967134878
269,40,96,8,0.1583949313621964,0.1223799864773496,0.2024747351145555,-0.04407980375235909,-0.08009474863720589
270,40,100,8,0.14691129883843723,0.1937795807978363,0.18338718426513345,-0.03647588542669622,0.010392396532702852
271,40,104,8,0.35955649419218594,0.2304259634888438,0.1961083318147896,0.16344816237739634,0.034317631674054216
272,40,108,8,0.353220696937698,0.22758620689655162,0.2213535006374855,0.13186719630021249,0.006232706259066134
273,40,112,8,0.33883315733896524,0.21703853955375252,0.1943548133013483,0.14447834403761695,0.022683726252404224
274,40,116,8,0.3423970432946146,0.25098039215686274,0.2015041311758805,0.14089291211873411,0.049476260980982234
276,44,48,8,0.14418867391611356,0.10492081447963808,0.1619983015306803,-0.017809627614566725,-0.05707748705104221
277,44,52,8,0.19163959892670535,0.15865384615384626,0.25873051449629214,-0.0670909155695868,-0.10007666834244588
278,44,56,8,0.18867391611354334,0.16501696832579194,0.17027046722622197,0.018403448887321372,-0.005253498900430031
279,44,60,8,0.15223838440898185,0.1972567873303167,0.14440069689017654,0.007837687518805314,0.05285609044014017
280,44,64,8,0.122581556277362,0.19810520361990958,0.20707868638396187,-0.08449713010659987,-0.008973482764052298
281,44,68,8,0.13176105069905386,0.15497737556561086,0.19799830784756844,-0.06623725714851458,-0.04302093228195758
282,44,72,8,0.17299816410111568,0.1712386877828055,0.2715727272513371,-0.0985745631502214,-0.10033403946853159
283,44,76,8,0.16565456856376226,0.12683823529411775,0.18533247720875323,-0.01967790864499097,-0.05849424191463548
284,44,80,8,0.2018076542861177,0.1691176470588236,0.23578059294112175,-0.03397293865500406,-0.06666294588229815
285,44,84,8,0.20209010026832375,0.1658653846153847,0.20872982163834153,-0.0066397213700177815,-0.042864437022956836
286,44,88,8,0.18076542861177802,0.15610859728506798,0.23789727321436493,-0.05713184460258691,-0.08178867592929695
287,44,92,8,0.13670385538765717,0.1363122171945702,0.20281645225964873,-0.06611259687199156,-0.06650423506507852
288,44,96,8,0.1783646377630279,0.1566742081447965,0.23766065310640738,-0.05929601534337947,-0.08098644496161089
289,44,100,8,0.20067787035729423,0.16685520361990946,0.29259844356052045,-0.09192057320322622,-0.12574323994061098
290,44,104,8,0.15633385115096743,0.15610859728506798,0.24876252458422976,-0.09242867343326233,-0.09265392729916178
291,44,108,8,0.2806100833215648,0.21422511312217196,0.22977163063181272,0.05083845268975207,-0.015546517509640756
292,44,112,8,0.2924728145742127,0.26159502262443435,0.24881907468710918,0.043653739887103526,0.012775947937325172
293,44,116,8,0.25829685072729835,0.26315045248868785,0.23346762014064082,0.024829230586657536,0.029682832348047028
295,48,52,8,0.15044363256784965,0.1330100904206526,0.17382821167705964,-0.02338457910920999,-0.04081812125640705
296,48,56,8,0.19506784968684765,0.15332197614991483,0.24218770023825453,-0.04711985055140688,-0.0888657240883397
297,48,60,8,0.1927192066805845,0.16970252915738437,0.20133979709253824,-0.008620590411953732,-0.03163726793515387
298,48,64,8,0.21124739039665963,0.1695714847333245,0.18631853577477453,0.0249288546218851,-0.016747051041450023
299,48,68,8,0.1962421711899791,0.20757436771065385,0.21939151658589662,-0.02314934539591751,-0.011817148875242767
300,48,72,8,0.17993215031315235,0.20665705674223567,0.19805549847599968,-0.01812334816284733,0.008601558266235987
301,48,76,8,0.18671711899791232,0.18306906041147952,0.21249072957130632,-0.025773610573394,-0.029421669159826802
302,48,80,8,0.19050104384133615,0.15423928711833312,0.21580597056864825,-0.025304926727312105,-0.06156668345031513
303,48,84,8,0.1383089770354906,0.11178089372297217,0.18837008143038714,-0.05006110439489653,-0.07658918770741496
304,48,88,8,0.15879436325678487,0.11584327086882451,0.20428504306643924,-0.04549067980965438,-0.08844177219761473
305,48,92,8,0.13322025052192066,0.1471628882191064,0.21503211486289187,-0.08181186434097121,-0.06786922664378547
306,48,96,8,0.14131002087682665,0.17455117284759536,0.22298140833895264,-0.08167138746212599,-0.048430235491357276
307,48,100,8,0.13191544885177453,0.22592058707901974,0.237145657925818,-0.10523020907404346,-0.011225070846798246
308,48,104,8,0.12239039665970763,0.2248722316865418,0.21657486623619315,-0.09418446957648552,0.008297365450348648
309,48,108,8,0.07763569937369519,0.2690342025946797,0.22431231313662026,-0.14667661376292507,0.04472188945805944
310,48,112,8,0.2605688935281837,0.3130651290787576,0.23078993905498268,0.029778954473201003,0.08227519002377492
311,48,116,8,0.2373434237995824,0.3025815751539772,0.21396711450802952,0.023376309291552877,0.08861446064594769
313,52,56,8,0.12112431179368299,0.09729305610043171,0.24707953233667823,-0.12595522054299524,-0.14978647623624652
314,52,60,8,0.1512605042016808,0.06656205047731145,0.21617434638424515,-0.06491384218256435,-0.1496122959069337
315,52,64,8,0.14300202839756593,0.0737544134954885,0.1873261071130794,-0.04432407871551347,-0.1135716936175909
316,52,68,8,0.12981744421906694,0.08408526219432466,0.2041270404145915,-0.07430959619552457,-0.12004177822026685
317,52,72,8,0.13286004056795142,0.1106316202432327,0.22510592228906168,-0.09224588172111026,-0.11447430204582898
318,52,76,8,0.09316140249203142,0.13757028900222312,0.18596012594631672,-0.0927987234542853,-0.0483898369440936
319,52,80,8,0.11040278180237617,0.16463972799790783,0.2065411888807156,-0.09613840707833943,-0.04190146088280777
320,52,84,8,0.0941756012749928,0.18739374918268614,0.22324000077380723,-0.12906439949881443,-0.03584625159112109
321,52,88,8,0.08751086641553185,0.1724859421995555,0.2299426675056454,-0.14243180109011355,-0.05745672530608992
322,52,92,8,0.07476093885830193,0.15653197332287172,0.21819722083590753,-0.1434362819776056,-0.061665247513035815
323,52,96,8,0.07331208345407136,0.10932391787629137,0.18090640906095323,-0.10759432560688187,-0.07158249118466187
324,52,100,8,0.19762387713706187,0.10631620243232653,0.21486563810392778,-0.017241760966865916,-0.10854943567160125
325,52,104,8,0.19182845552013916,0.08277755982738333,0.21342424064079002,-0.021595785120650857,-0.1306466808134067
326,52,108,8,0.1873370037670241,0.07990061462011244,0.2255846146891145,-0.03824761092209039,-0.14568400006900206
327,52,112,8,0.17951318458417864,0.06786975284425278,0.22903015307374752,-0.04951696848956888,-0.16116040022949474
328,52,116,8,0.30281077948420754,0.06433895645351129,0.21771266739315642,0.08509811209105111,-0.15337371093964514
330,56,60,8,0.1903064861012117,0.11831067399479311,0.17526734471497996,0.015039141386231747,-0.05695667072018684
331,56,64,8,0.15780470420527448,0.06899045415099792,0.09202457068750902,0.06578013351776546,-0.023034116536511107
332,56,68,8,0.14768353528153955,0.09820653746022556,0.11884876056542171,0.02883477471611784,-0.020642223105196145
333,56,72,8,0.12729864575908756,0.12452993925368816,0.15937035160570445,-0.032071705846616894,-0.03484041235201629
334,56,76,8,0.06913756236635782,0.10471507087069709,0.0875146346305552,-0.01837707226419738,0.017200436240141892
335,56,80,8,0.09151817533856033,0.15895284929129305,0.1495059424128783,-0.057987767074317964,0.009446906878414763
336,56,84,8,0.10277975766215253,0.16025455597338722,0.1335077077083675,-0.03072795004621498,0.026746848265019718
337,56,88,8,0.07184604419101925,0.1712467457332948,0.130468538184338,-0.05862249399331876,0.04077820754895678
338,56,92,8,0.07412687099073412,0.19568990454150992,0.11506745982440125,-0.040940588833667135,0.08062244471710867
339,56,96,8,0.05274411974340698,0.2442869540063639,0.13677761353417117,-0.08403349379076419,0.10750934047219274
340,56,100,8,0.05174625801853161,0.26265548163147234,0.14990427886852542,-0.09815802084999381,0.11275120276294692
341,56,104,8,0.03806129722024243,0.2321376916401504,0.13600645619463436,-0.09794515897439193,0.09613123544551605
342,56,108,8,0.0329294369208839,0.2374891524443158,0.1470539367289453,-0.11412449980806139,0.0904352157153705
343,56,112,8,0.07612259444048464,0.23488573908012722,0.15030540618294486,-0.07418281174246022,0.08458033289718236
344,56,116,8,0.15224518888096927,0.25759328897888345,0.14623814690331383,0.006007041977655447,0.11135514207556962
346,60,64,8,0.10957940638627095,0.10046695910570258,0.1385945662364262,-0.029015159850155237,-0.038127607130723606
347,60,68,8,0.13672809115206064,0.08744870524975246,0.15579690632067777,-0.019068815168617137,-0.06834820107092532
348,60,72,8,0.15290476860317903,0.09452384321494278,0.19462345926447022,-0.04171869066129119,-0.10009961604952744
349,60,76,8,0.10113940075960048,0.08504315834158771,0.1725831035049996,-0.07144370274539913,-0.0875399451634119
350,60,80,8,0.09016739344492897,0.08589217489741052,0.1714896313621772,-0.08132223791724824,-0.08559745646476669
351,60,84,8,0.10142073428048959,0.0901372576765247,0.15768432811626454,-0.05626359383577495,-0.06754707043973984
352,60,88,8,0.08299338866225914,0.158624593179567,0.18725806272490442,-0.10426467406264528,-0.02863346954533741
353,60,92,8,0.06808271205514138,0.1863591340031131,0.15691962161144957,-0.08883690955630819,0.029439512391663536
354,60,96,8,0.10957940638627095,0.2377246356303948,0.20105391103558645,-0.0914745046493155,0.03667072459480836
355,60,100,8,0.15881277254184833,0.2586670440073582,0.22470118168710174,-0.0658884091452534,0.033965862320256446
356,60,104,8,0.2000281333520888,0.27805292203197973,0.1970418202554901,0.0029863130965986917,0.08101110177648962
357,60,108,8,0.1758334505556337,0.2835715296448281,0.17963444280676688,-0.003800992251133173,0.10393708683806124
358,60,112,8,0.17273878182585445,0.293901231074006,0.19779177544794913,-0.025052993622094677,0.09610945562605688
359,60,116,8,0.15403010268673512,0.29064666761001845,0.1870738886515807,-0.033043785964845585,0.10357277895843775
361,64,68,8,0.17774687065368566,0.13371685141013057,0.18714183736539003,-0.009394966711704367,-0.05342498595525946
362,64,72,8,0.17802503477051457,0.12347411252981622,0.15121970923112293,0.026805325539391633,-0.02774559670130672
363,64,76,8,0.11821974965229487,0.12445629297039429,0.13457276247711658,-0.01635301282482171,-0.010116469506722292
364,64,80,8,0.12211404728789976,0.14760768906973487,0.1662851800118358,-0.044171132723936024,-0.018677490942100916
365,64,84,8,0.0966620305980529,0.10242738880314295,0.14173632980870832,-0.04507429921065542,-0.03930894100556537
366,64,88,8,0.11502086230876218,0.10523361863336611,0.13947020720655068,-0.024449344897788494,-0.03423658857318457
367,64,92,8,0.10333796940194706,0.07661007436509049,0.14017456913987314,-0.03683659973792608,-0.06356449477478265
368,64,96,8,0.08539638386648118,0.06973481128104397,0.11247867067760764,-0.027082286811126455,-0.042743859396563666
369,64,100,8,0.07301808066759385,0.0987792900238531,0.2001601205697554,-0.12714203990216155,-0.1013808305459023
370,64,104,8,0.05897079276773298,0.04938964501192655,0.15652793424348554,-0.09755714147575256,-0.10713828923155899
371,64,108,8,0.04089012517385249,0.02623824891258597,0.12535441277039805,-0.08446428759654556,-0.09911616385781208
372,64,112,8,0.04242002781641163,0.040269398063701445,0.16410007053588183,-0.1216800427194702,-0.12383067247218038
373,64,116,8,0.03212795549374137,0.03213133155605452,0.1632941502159161,-0.13116619472217472,-0.13116281865986157
375,68,72,8,0.12085854220685699,0.0723372781065088,0.08937217925918384,0.03148636294767315,-0.01703490115267503
376,68,76,8,0.13656006914433894,0.11375739644970406,0.06331025302569016,0.07324981611864878,0.05044714342401391
377,68,80,8,0.11985018726591767,0.13357988165680468,0.07721851195738971,0.04263167530852796,0.056361369699414965
378,68,84,8,0.09492941515413433,0.16612426035502947,0.09406007698201535,0.000869338172118983,0.07206418337301412
379,68,88,8,0.0664073753961395,0.15073964497041414,0.06606175625065147,0.00034561914548802974,0.08467788871976267
380,68,92,8,0.09132814750792295,0.1269230769230768,0.10564980456630102,-0.014321657058378068,0.021273272356775785
381,68,96,8,0.06150965139729192,0.07884615384615379,0.08280631765230917,-0.02129666625501725,-0.003960163806155381
382,68,100,8,0.054883318928262814,0.06360946745562135,0.09795515499932639,-0.043071836071063574,-0.03434568754370504
383,68,104,8,0.02203975799481428,0.0366863905325443,0.08429697663882252,-0.06225721864400824,-0.04761058610627822
384,68,108,8,0.0002881014116969949,0.04452662721893497,0.09301939433628037,-0.09273129292458338,-0.0484927671173454
385,68,112,8,0.0014405070584846413,0.049852071005917264,0.1000051407841962,-0.09856463372571156,-0.050153069778278936
386,68,116,8,-0.017862287525208798,0.026479289940828377,0.09612639627692321,-0.11398868380213201,-0.06964710633609483
388,72,76,8,0.08646779074794642,0.12699108578109009,0.11984425091361828,-0.03337646016567186,0.007146834867471807
389,72,80,8,0.07767689868857186,0.11398509425690484,0.07741046426775733,0.00026643442081453195,0.03657462998914751
390,72,84,8,0.06052745352356248,0.07672073651907063,0.12007561303329373,-0.05954815950973125,-0.043354876514223095
391,72,88,8,0.029975500792621346,0.0743825807394417,0.0884116502185337,-0.058436149425912354,-0.014029069479091993
392,72,92,8,0.05505116010952582,0.09791027327195678,0.14547540919404645,-0.09042424908452062,-0.04756513592208966
393,72,96,8,0.05735696786280442,0.03682595352915374,0.08603725163786025,-0.028680283775055826,-0.0492112981087065
394,72,100,8,0.10102320219051741,0.04340201665935983,0.0834285045182942,0.017594697672223214,-0.04002648785893437
395,72,104,8,0.1380602392275544,0.01242145257927807,0.06696640977129276,0.07109382945626164,-0.05454495719201469
396,72,108,8,0.17163856463467364,0.04953967558088557,0.12600035995803682,0.04563820467663682,-0.07646068437715126
397,72,112,8,0.15809194408416194,0.026158117784597312,0.10325645003872597,0.05483549404543597,-0.07709833225412865
398,72,116,8,0.13589854445885563,0.01651322519362841,0.07403667392095936,0.06186187053789627,-0.05752344872733095
400,76,80,8,0.04647482014388482,0.13178294573643423,0.12268242757401648,-0.07620760743013166,0.009100518162417748
401,76,84,8,0.02920863309352506,0.12360034453057711,0.06398535653632331,-0.03477672344279825,0.0596149879942538
402,76,88,8,0.011942446043165411,0.1409704277921333,0.10706952313555773,-0.09512707709239232,0.03390090465657558
403,76,92,8,-0.028920863309352507,0.10737869652598342,0.06078776141982134,-0.08970862472917385,0.04659093510616208
404,76,96,8,0.0007194244604316058,0.08785529715762275,0.10074778656683536,-0.10002836210640376,-0.012892489409212615
405,76,100,8,0.0329496402877697,0.07493540051679592,0.11454417776823034,-0.08159453748046064,-0.03960877725143441
406,76,104,8,0.08000000000000007,0.051536032156187184,0.08586350493231909,-0.005863504932319019,-0.034327472776131907
407,76,108,8,0.11482014388489203,0.05727820844099907,0.10495461404034756,0.009865529844544474,-0.04767640559934849
408,76,112,8,0.12848920863309343,0.05842664369796158,0.11836305267337044,0.010126155959722993,-0.05993640897540886
409,76,116,8,0.10158273381294969,0.007177720356014938,0.09675325635173704,0.00482947746121265,-0.0895755359957221
411,80,84,8,0.15566787003610105,0.030343202238915956,0.09939272798176746,0.05627514205433359,-0.0690495257428515
412,80,88,8,0.12996389891696747,0.043452643982913486,0.07356875450414335,0.056395144412824116,-0.030116110521229866
413,80,92,8,0.11783393501805062,0.07718367948151417,0.11330282722372775,0.004531107794322864,-0.036119147742213586
414,80,96,8,0.0672924187725632,0.06834585358668432,0.051297040122566306,0.015995378649996894,0.017048813464118018
415,80,100,8,0.06974729241877253,0.08395934600088384,0.07820134679849133,-0.0084540543797188,0.005757999202392505
416,80,104,8,0.04808664259927786,0.07409044041832369,0.05332170905454636,-0.0052350664552685,0.020768731363777326
417,80,108,8,0.07638989169675092,0.09117690381499477,0.0807194631271364,-0.0043295714303854815,0.010457440687858366
418,80,112,8,0.02916967509025281,0.09191338930623061,0.08725544888884085,-0.058085773798588036,0.004657940417389761
419,80,116,8,0.025126353790613676,0.09839446162910581,0.07581543919894074,-0.05068908540832706,0.022579022430165074
421,84,88,8,0.12733053909524505,0.05124087591240878,0.10821174367949637,0.01911879541574868,-0.056970867767087596
422,84,92,8,0.09408874114756471,0.03459854014598551,0.06348894091579138,0.030599800231773333,-0.02889040076980587
423,84,96,8,0.08165919930625809,0.06437956204379569,0.09678934831478037,-0.015130149008522276,-0.032409786270984675
424,84,100,8,0.0813701401936695,0.07532846715328467,0.1197052116883558,-0.03833507149468629,-0.04437674453507112
425,84,104,8,0.051597051597051524,0.05985401459854012,0.08559055689316131,-0.03399350529610978,-0.02573654229462119
426,84,108,8,0.04711663535192956,0.06861313868613139,0.10894262995862614,-0.06182599460669658,-0.040329491272494744
427,84,112,8,0.021245844775256484,0.060583941605839464,0.12307198395157537,-0.10182613917631889,-0.062488042345735906
428,84,116,8,0.007949125596184436,0.06277372262773717,0.09270848814744426,-0.08475936255125982,-0.029934765519707085
430,88,92,8,0.07098996555339232,0.0987944722140548,0.08681187328854412,-0.015821907735151797,0.011982598925510679
431,88,96,8,0.06020667964654791,0.0668920905615995,0.05201867034243557,0.008188009304112343,0.014873420219163935
432,88,100,8,0.0578103938894714,0.056159952955013304,0.08895595562892333,-0.031145561739451932,-0.03279600267391003
433,88,104,8,0.018121911037891292,0.07512496324610407,0.06312835968205632,-0.04500644864416503,0.011996603564047748
434,88,108,8,0.019020518196795067,0.037783004998529934,0.055910950975555984,-0.03689043277876092,-0.01812794597702605
435,88,112,8,0.013778643103190102,0.06836224639811816,0.07233872271788655,-0.05856007961469645,-0.003976476319768385
436,88,116,8,-0.014677250262093766,0.08865039694207599,0.06391513127278248,-0.07859238153487624,0.024735265669293516
438,92,96,8,0.08287452912199367,0.0826361367972992,0.08073057370165893,0.002143955420334742,0.0019055630956402725
439,92,100,8,0.08707620979426256,0.22413033905768376,0.13674172942778895,-0.04966551963352639,0.08738860962989481
440,92,104,8,0.023181686467690477,0.327462204608836,0.06693806366494093,-0.04375637719725045,0.2605241409438951
441,92,108,8,0.02651405389742112,0.2697783648906502,0.08234661665581267,-0.055832562758391546,0.18743174823483755
442,92,112,8,0.030570849029266878,0.23924849552326433,0.1091318962966702,-0.07856104726740332,0.13011659922659413
443,92,116,8,-0.012315270935960632,0.3133714956700425,0.09403778747049518,-0.10635305840645581,0.21933370819954734
445,96,100,8,0.029269720474169425,0.025901398086828564,0.08242997879927416,-0.05316025832510474,-0.0565285807124456
446,96,104,8,0.0032196692521585524,0.01236203090507726,0.040144028977539103,-0.03692435972538055,-0.027781998072461844
447,96,108,8,-0.013025025611005603,0.01280353200883011,0.05002959956281927,-0.06305462517382487,-0.03722606755398916
448,96,112,8,-0.02283038196985232,0.01559970566593083,0.06826001583163499,-0.09109039780148731,-0.05266031016570416
449,96,116,8,-0.04229474608517503,0.0014716703458425018,0.04869748824288889,-0.09099223432806391,-0.047225817897046385
451,100,104,8,0.054212754335654645,0.08666003693706492,0.06468646724158011,-0.01047371290592547,0.021973569695484807
452,100,108,8,0.07046292503072504,0.11450490126438417,0.12729004876294492,-0.056827123732219875,-0.012785147498560745
453,100,112,8,0.034275570121534815,0.08452905242221909,0.07070228816250024,-0.03642671804096542,0.013826764259718849
454,100,116,8,0.03960125631571765,0.09447364682483306,0.08934478524835687,-0.049743528932639225,0.005128861576476185
456,104,108,8,0.21333903377511765,-0.036245487364620965,0.06463998108815294,0.1486990526869647,-0.10088546845277391
457,104,112,8,0.23428815733219333,-0.036245487364620965,0.06535577095069478,0.16893238638149854,-0.10160125831531575
458,104,116,8,0.20521590423257796,-0.053429602888086736,0.03127844733357754,0.17393745689900042,-0.08470805022166428
460,108,112,8,0.036111111111111205,0.15720653789004446,0.05444343975901522,-0.018332328647904017,0.10276309813102924
461,108,116,8,0.08333333333333337,0.14739970282317982,0.053059306441030074,0.030274026892303296,0.09434039638214975
463,112,116,8,0.003063010501750285,-0.10251362810417941,0.028444260361339402,-0.025381249859589117,-0.1309578884655188
466,0,4,20,-0.004033562692780546,0.017754308190451318,0.0,-0.004033562692780546,0.017754308190451318
467,0,8,20,0.22557753284010273,0.17552208966251603,0.29084661249964305,-0.06526907965954032,-0.11532452283712702
468,0,12,20,0.3152649856560472,0.18634417715192209,0.2857832746783998,0.029481710977647402,-0.09943909752647773
469,0,16,20,0.33942322210478637,0.18773496751200636,0.2857832746783998,0.05363994742638656,-0.09804830716639346
470,0,20,20,0.3212398352063157,0.10126692309363927,0.15309141923535174,0.16814841597096397,-0.05182449614171247
471,0,24,20,0.3159336511291819,0.15168307364669575,0.2754026260073613,0.04053102512182061,-0.12371955236066556
472,0,28,20,0.3033799961174264,0.16328748071364918,0.27057368162331696,0.03280631449410942,-0.10728620090966778
473,0,32,20,0.3004464959772223,0.11715235673772739,0.17621271868686728,0.12423377729035501,-0.05906036194913988
474,0,36,20,0.2457884860119498,0.1664384901232152,0.28526067347746753,-0.03947218746551773,-0.11882218335425232
475,0,40,20,0.2426392873320249,0.18199795727665868,0.26047079119878935,-0.017831503866764464,-0.07847283392213067
476,0,44,20,0.25370462241970626,0.16715561640263377,0.24818737540661617,0.0055172470130900875,-0.0810317590039824
477,0,48,20,0.2581264424839844,0.17862963687332944,0.26668613022121257,-0.00855968773722815,-0.08805649334788312
478,0,52,20,0.2733116196803348,0.18160679748788489,0.25516114913348165,0.018150470546853148,-0.07355435164559676
479,0,56,20,0.2186536097150623,0.17191472716604728,0.2676616220131497,-0.04900801229808738,-0.09574689484710242
480,0,60,20,0.23606048187053785,0.16791620488080494,0.28916960537735736,-0.05310912350681951,-0.12125340049655242
481,0,64,20,0.23351523910183136,0.1614403372666623,0.2611826597399386,-0.027667420638107232,-0.0997423224732763
482,0,68,20,0.2664955458251549,0.17015450811656563,0.29155859531241723,-0.025063049487262345,-0.1214040871958516
483,0,72,20,0.2756411639093205,0.17191472716604728,0.265993495633852,0.00964766827546848,-0.09407876846780472
484,0,76,20,0.27626668967451096,0.1931677423560857,0.28455912340326184,-0.008292433728750881,-0.09139138104717615
485,0,80,20,0.27790599857638976,0.23297911641349933,0.30092153579527126,-0.0230155372188815,-0.06794241938177192
486,0,84,20,0.3320894717542763,0.23615185692244167,0.27871874436482513,0.053370727389451145,-0.04256688744238346
487,0,88,20,0.3078665257436207,0.25231979485842193,0.30142727950797576,0.006439246235644958,-0.049107484649553834
488,0,92,20,0.33504454174845233,0.24447486798357132,0.29735350953070716,0.03769103221774517,-0.05287864154713584
489,0,96,20,0.3492806453700309,0.24188886715778946,0.299914597706778,0.04936604766325292,-0.05802573054898852
490,0,100,20,0.3650697784775998,0.21772388465132442,0.2806166352231716,0.08445314325442821,-0.06289275057184718
491,0,104,20,0.32967364810940236,0.21137840363343974,0.28575682488408904,0.04391682322531332,-0.07437842125064931
492,0,108,20,0.31884558141541386,0.2082273942238737,0.30031875678333486,0.018526824632078998,-0.09209136255946115
493,0,112,20,0.3201182027997671,0.18234565486667964,0.29915314490804723,0.020965057891719874,-0.11680749004136759
494,0,116,20,0.24125881667781113,0.16028858899971743,0.29497713825476624,-0.05371832157695511,-0.1346885492550488
496,4,8,20,0.24509443350712845,0.14304499331565446,0.29084661249964305,-0.0457521789925146,-0.1478016191839886
497,4,12,20,0.2908076066027736,0.15827653465997504,0.2857832746783998,0.005024331924373793,-0.12750674001842477
498,4,16,20,0.3089154749799883,0.15297289004799575,0.2857832746783998,0.023132200301588468,-0.13281038463040407
499,4,20,20,0.2808558509832768,0.09884064958688554,0.15309141923535174,0.12776443174792507,-0.0542507696484662
500,4,24,20,0.30653570733184776,0.1984921869863464,0.2754026260073613,0.031133081324486445,-0.07691043902101491
501,4,28,20,0.30002379767648146,0.1881478884043042,0.27057368162331696,0.0294501160531645,-0.08242579321901278
502,4,32,20,0.1380697920948446,0.14955401170308347,0.17621271868686728,-0.038142926592022675,-0.02665870698378381
503,4,36,20,0.2451593362611687,0.18282232790549868,0.28526067347746753,-0.04010133721629883,-0.10243834557196885
504,4,40,20,0.23347684053393336,0.17033027241447318,0.26047079119878935,-0.026993950664855992,-0.09014051878431617
505,4,44,20,0.1956385349284988,0.15080321725218604,0.24818737540661617,-0.052548840478117365,-0.09738415815443013
506,4,48,20,0.24135170802414385,0.1732012535887264,0.26668613022121257,-0.025334422197068718,-0.09348487663248617
507,4,52,20,0.24258486035090754,0.1504744789497906,0.25516114913348165,-0.012576288782574108,-0.10468667018369104
508,4,56,20,0.2238279644332909,0.14894036687194534,0.2676616220131497,-0.0438336575798588,-0.11872125514120435
509,4,60,20,0.19914328364666944,0.17403405728812804,0.28916960537735736,-0.09002632173068792,-0.11513554808922932
510,4,64,20,0.1671245916535058,0.1687742444498016,0.2611826597399386,-0.0940580680864328,-0.09240841529013699
511,4,68,20,0.3300954070484391,0.19895242060969998,0.29155859531241723,0.03853681173602186,-0.09260617470271726
512,4,72,20,0.32349696038768583,0.1965197571719739,0.265993495633852,0.05750346475383383,-0.0694737384618781
513,4,76,20,0.3115764878956364,0.18472901005939202,0.28455912340326184,0.027017364492374574,-0.09983011334386982
514,4,80,20,0.3186292538346711,0.1571588244318305,0.30092153579527126,0.017707718039399856,-0.14376271136344076
515,4,84,20,0.2635268156545444,0.12049354577132954,0.27871874436482513,-0.015191928710280744,-0.1582251985934956
516,4,88,20,0.21372476905436688,0.13907821780008323,0.30142727950797576,-0.08770251045360888,-0.16234906170789254
517,4,92,20,0.2090517707634728,0.16406232878213411,0.29735350953070716,-0.08830173876723435,-0.13329118074857305
518,4,96,20,0.21753239729139173,0.19540204694382945,0.299914597706778,-0.08238220041538624,-0.10451255076294852
519,4,100,20,0.22832788871341103,0.20513270069473355,0.2806166352231716,-0.052288746509760564,-0.07548393452843805
520,4,104,20,0.2223352010903663,0.21519209274803297,0.28575682488408904,-0.06342162379372274,-0.07056473213605607
521,4,108,20,0.27207234493650356,0.2629248942558461,0.30031875678333486,-0.0282464118468313,-0.037393862527488775
522,4,112,20,0.3716115353828181,0.3223607793289355,0.29915314490804723,0.07245839047477087,0.023207634420888246
523,4,116,20,0.37641433918179257,0.30097087378640774,0.29497713825476624,0.08143720092702633,0.005993735531641509
525,8,12,20,0.20243604846852914,0.16151901987662787,0.286807184817929,-0.08437113634939986,-0.12528816494130113
526,8,16,20,0.23878744530461127,0.17218557230980125,0.286807184817929,-0.04801973951331773,-0.11462161250812775
527,8,20,20,0.2740659710535174,0.16734492803289924,0.265847049840526,0.008218921212991392,-0.09850212180762674
528,8,24,20,0.2892965331538203,0.09087988348183695,0.19661312061254244,0.09268341254127788,-0.10573323713070548
529,8,28,20,0.29735358465163253,0.11491175462645642,0.2407053946710601,0.056648189980572417,-0.1257936400446037
530,8,32,20,0.3079140020195221,0.14294893762851268,0.25605739985503584,0.05185660216448629,-0.11310846222652315
531,8,36,20,0.37302255132951867,0.14539067854694998,0.28496231616182865,0.08806023516769002,-0.13957163761487867
532,8,40,20,0.26998485358465174,0.13641620973269364,0.26068492454160563,0.009299929043046107,-0.124268714808912
533,8,44,20,0.25959272972063285,0.1499100411240576,0.27170106743377176,-0.012108337713138906,-0.12179102630971417
534,8,48,20,0.20674856950521714,0.14461960246744354,0.26140715511326484,-0.054658585608047705,-0.1167875526458213
535,8,52,20,0.20748485358465163,0.12722755311857437,0.22687835859579208,-0.019393505011140455,-0.09965080547721772
536,8,56,20,0.2202330865028611,0.14819653872515426,0.2938569789404972,-0.07362389243763612,-0.14566044021534297
537,8,60,20,0.1898561090541906,0.11336960246744354,0.2523197093009265,-0.06246360024673592,-0.13895010683348297
538,8,64,20,0.16400201952204652,0.12936943111720356,0.27156061415472155,-0.10755859463267503,-0.142191183037518
539,8,68,20,0.18947744867048133,0.1207805003427006,0.2908459083889958,-0.10136845971851449,-0.17006540804629522
540,8,72,20,0.29588101649276344,0.12300805346127486,0.2818835742120426,0.013997442280720862,-0.15887552075076772
541,8,76,20,0.3356824301581959,0.12748457847840988,0.27833893478303495,0.057343495375160924,-0.15085435630462507
542,8,80,20,0.35541484348704144,0.1513879369431117,0.2969910985779042,0.058423744909137265,-0.14560316163479248
543,8,84,20,0.35707674183776517,0.14524074708704604,0.27490028949923384,0.08217645233853133,-0.1296595424121878
544,8,88,20,0.33378912823965,0.18293779986291991,0.30473174281249693,0.029057385427153082,-0.12179394294957702
545,8,92,20,0.3359979804779536,0.17248543522960935,0.27948909871848804,0.05650888175946556,-0.10700366348887869
546,8,96,20,0.2915053853921239,0.18452278958190538,0.28763655846434255,0.0038688269277813436,-0.10311376888243717
547,8,100,20,0.3072829013800068,0.18336617546264566,0.290079427365314,0.0172034740146928,-0.10671325190266834
548,8,104,20,0.3370708515651296,0.18343043180260454,0.2968101925899861,0.040260658975143526,-0.11337976078738154
549,8,108,20,0.3373653651969034,0.18377313228238523,0.303464114896036,0.033901250300867436,-0.11969098261365074
550,8,112,20,0.3140146415348368,0.1732565113091158,0.3086582822142274,0.005356359320609405,-0.13540177090511163
551,8,116,20,0.30766156176371595,0.16766620973269364,0.2999729513363706,0.007688610427345366,-0.13230674160367695
553,12,16,20,-0.007662465964675347,0.04789364474255664,-3.0190267841234686e-08,-0.0076624357744075056,0.04789367493282448
554,12,20,20,0.10566010457579345,0.12203831491579409,0.0949859992863854,0.010674105289408042,0.027052315629408685
555,12,24,20,0.14529770366979122,0.0927954446749989,0.12074068903585244,0.02455701463393878,-0.02794524436085355
556,12,28,20,0.153972193441122,0.03213820392800282,0.04790893421677567,0.10606325922434634,-0.01577073028877285
557,12,32,20,0.189513505698658,0.05860637938522428,0.07303316813681504,0.11648033756184295,-0.014426788751590758
558,12,36,20,0.17667044167610424,0.10674130193504816,0.114636776840919,0.06203366483518524,-0.007895474905870836
559,12,40,20,0.19303149321703095,0.09501520050185785,0.1055177952026356,0.08751369801439535,-0.010502594700777745
560,12,44,20,0.08416664658682926,0.10415962939728807,0.09090407538263479,-0.006737428795805522,0.013255554014653281
561,12,48,20,0.05922748849425319,0.08075568209236117,0.05631683095348694,0.0029106575407662483,0.02443885113887423
562,12,52,20,0.08985325654803511,0.10577619070597899,0.0897102238169094,0.00014303273112570292,0.016065966889069583
563,12,56,20,0.09619045324209063,0.10621049075906008,0.12953191524696295,-0.03334146200487231,-0.023321424487902864
564,12,60,20,0.07081757066094807,0.09928581769048894,0.11030664113401456,-0.03948907047306649,-0.011020823443525618
565,12,64,20,0.08341967663429806,0.09564252280075292,0.1113821882178535,-0.02796251158355545,-0.01573966541710059
566,12,68,20,0.12047902460181692,0.10256719586932406,0.12758328526624285,-0.007104260664425932,-0.025016089396918795
567,12,72,20,0.11939471338040053,0.09448438932586989,0.14039557804894243,-0.021000864668541896,-0.04591118872307254
568,12,76,20,0.2747885593118239,0.0965352506876418,0.1131620372789407,0.1616265220328832,-0.016626786591298903
569,12,80,20,0.2948603648104865,0.13050716595087597,0.1359098620306064,0.1589505027798801,-0.005402696079730429
570,12,84,20,0.2408616659839523,0.14993002943589262,0.0999445466766864,0.14091711930726591,0.04998548275920622
571,12,88,20,0.26927061998506063,0.21625729865366983,0.13905456213778322,0.1302160578472774,0.0772027365158866
572,12,92,20,0.24148815691188164,0.23131303382714863,0.12240302974313522,0.11908512716874642,0.10891000408401341
573,12,96,20,0.2307414279173996,0.24989142498672978,0.13446725727958098,0.09627417063781862,0.1154241677071488
574,12,100,20,0.23375340353244511,0.2710273609033441,0.14133343133846887,0.09241997219397624,0.12969392956487524
575,12,104,20,0.21772969326040348,0.26842156058485744,0.1331066267140677,0.08462306654633578,0.13531493387078974
576,12,108,20,0.23158478108961233,0.25628528687931285,0.13979608351158612,0.09178869757802621,0.11648920336772672
577,12,112,20,0.2516324907833546,0.25039810838199106,0.14772094118353085,0.10391154959982374,0.1026771671984602
578,12,116,20,0.155104696272379,0.23314674516238,0.1397160945817466,0.015388601690632386,0.09343065058063338
580,16,20,20,0.08645865909692307,0.061204996326230776,0.0949859992863854,-0.008527340189462329,-0.03378100296015463
581,16,24,20,0.13146816137025175,0.09811413176585837,0.12074068903585244,0.010727472334399302,-0.022626557269994074
582,16,28,20,0.13442709711563905,0.077443056576047,0.04790893421677567,0.08651816289886338,0.02953412235927133
583,16,32,20,0.1459741634391012,0.09240754347293656,0.07303316813681504,0.07294099530228615,0.01937437533612152
584,16,36,20,0.18287666289783244,0.077443056576047,0.114636776840919,0.06823988605691345,-0.037193720264872
585,16,40,20,0.12302436912122006,0.06492774920401667,0.1055177952026356,0.017506573918584456,-0.04059004599861893
586,16,44,20,0.10714715292645949,0.03720303698261085,0.09090407538263479,0.016243077543824702,-0.05370103840002394
587,16,48,20,0.07861627655223835,0.03705608621111933,0.05631683095348694,0.02229944559875141,-0.019260744742367608
588,16,52,20,0.11121268252784522,0.04144011756061716,0.0897102238169094,0.021502458710935812,-0.048270106256292244
589,16,56,20,0.09379585748995634,0.10200832721038455,0.12953191524696295,-0.03573605775700661,-0.027523588036578395
590,16,60,20,0.07178426231085655,0.12385500857212828,0.11030664113401456,-0.03852237882315801,0.013548367438113718
591,16,64,20,0.050903317375929014,0.12260592701445017,0.1113821882178535,-0.06047887084192449,0.01122373879659666
592,16,68,20,0.07765402102528318,0.10156747489590978,0.12758328526624285,-0.04992926424095967,-0.02601581037033307
593,16,72,20,0.10736366042002443,0.09365662503061478,0.14039557804894243,-0.033031917628917995,-0.046738953018327645
594,16,76,20,0.13524501431355096,0.07545922116091108,0.1131620372789407,0.022082977034610263,-0.037702816118029614
595,16,80,20,0.14226947966032377,0.0909135439627724,0.1359098620306064,0.006359617629717373,-0.044996318067833996
596,16,84,20,0.12025788448122388,0.06505020818025964,0.0999445466766864,0.02031333780453748,-0.03489433849642676
597,16,88,20,0.16435324400394524,0.07085476365417587,0.13905456213778322,0.02529868186616202,-0.06819979848360735
598,16,92,20,0.20895378767831785,0.08096987509184417,0.12240302974313522,0.08655075793518263,-0.04143315465129105
599,16,96,20,0.26368207077389394,0.04555473916238062,0.13446725727958098,0.12921481349431296,-0.08891251811720036
600,16,100,20,0.2659193148740647,0.035562086700955176,0.14133343133846887,0.12458588353559585,-0.1057713446375137
601,16,104,20,0.2826866174312588,0.07749204016654421,0.1331066267140677,0.14957999071719108,-0.05561458654752349
602,16,108,20,0.28174841829247754,0.06661768307616944,0.13979608351158612,0.14195233478089142,-0.07317840043541668
603,16,112,20,0.30161899492410205,0.11087435709037463,0.14772094118353085,0.1538980537405712,-0.03684658409315622
604,16,116,20,0.2889172219682936,0.18368846436443786,0.1397160945817466,0.149201127386547,0.043972369782691256
606,20,24,20,0.1721542803386642,0.0967055180422347,0.19979259347666578,-0.02763831313800158,-0.10308707543443107
607,20,28,20,0.1671161283578969,0.09152294524966653,0.163282028422418,0.0038340999354788963,-0.07175908317275148
608,20,32,20,0.1407128671474862,0.04930970710937166,0.059061384561308494,0.08165148258617771,-0.009751677451936835
609,20,36,20,0.17752691543848642,0.03946066835835016,0.12635013842236864,0.05117677701611778,-0.08688947006401848
610,20,40,20,0.20066896623811015,0.07760956517999218,0.14141952987384077,0.05924943636426938,-0.06380996469384859
611,20,44,20,0.19245322462631964,0.07771708743709937,0.15424004512675282,0.03821317949956682,-0.07652295768965345
612,20,48,20,0.14882408278457193,0.05748139864952051,0.11716031630844248,0.03166376647612945,-0.05967891765892197
613,20,52,20,0.14830145291104846,0.07283557696443155,0.09652730096344808,0.05177415194760038,-0.023691723999016534
614,20,56,20,0.14731890874882403,0.08337275816093925,0.15237572764317742,-0.005056818894353388,-0.06900296948223816
615,20,60,20,0.16044737117173613,0.05382564190787498,0.14579111116278065,0.01465626000895548,-0.09196546925490567
616,20,64,20,0.12557750601024353,0.08199647326996695,0.10884513459704837,0.01673237141319517,-0.026848661327081413
617,20,68,20,0.11382878645343364,0.08705001935400636,0.1603362954041594,-0.04650750895072575,-0.07328627605015303
618,20,72,20,0.07887530051217728,0.08610382349146262,0.14209865434938584,-0.06322335383720856,-0.05599483085792323
619,20,76,20,0.08403888366259016,0.10522128080512672,0.13893984728956377,-0.05490096362697361,-0.03371856648443705
620,20,80,20,0.08656841225044432,0.12962883316846585,0.16007290357288806,-0.07350449132244374,-0.030444070404422208
621,20,84,20,0.16577819588167664,0.14868177712786534,0.14414056240391981,0.021637633477756824,0.00454121472394553
622,20,88,20,0.1724260478728965,0.14575717173454905,0.1661173188723427,0.006308729000553792,-0.02036014713779366
623,20,92,20,0.1702310024040975,0.1568534686680142,0.1569441693392103,0.013286833064887205,-9.070067119609782e-05
624,20,96,20,0.21296122086338454,0.1584447980732011,0.1581533377750045,0.05480788308838003,0.0002914602981965997
625,20,100,20,0.2764921082889098,0.1271558212549997,0.14612478651775795,0.13036732177115185,-0.018968965262758264
626,20,104,20,0.32660186056234974,0.11360801685948996,0.15353923078546527,0.17306262977688447,-0.03993121392597532
627,20,108,20,0.30690916692798154,0.09653348243086313,0.16332407210405342,0.14358509482392812,-0.06679058967319029
628,20,112,20,0.34504024250026133,0.07894284116812167,0.1727453230118291,0.17229491948843223,-0.09380248184370743
629,20,116,20,0.3558064178948469,0.05330953507376024,0.16310507657828432,0.19270134131656258,-0.10979554150452409
631,24,28,20,0.14288961629387165,0.10564791619221137,0.1065769384904981,0.03631267780337355,-0.0009290222982867302
632,24,32,20,0.15877886888525183,0.14928262354816668,0.13180810801114362,0.026970760874108213,0.01747451553702306
633,24,36,20,0.14211674849972722,0.15477112275108174,0.0789605363838265,0.06315621211590072,0.07581058636725524
634,24,40,20,0.16416621203855242,0.15053518560692325,0.1429043767639584,0.02126183527459402,0.0076308088429648535
635,24,44,20,0.14038916166575743,0.06706900478250966,0.09829527278788996,0.04209388887786747,-0.03122626800538031
636,24,48,20,0.09601745771958525,0.05053518560692316,0.08165212545720513,0.014365332262380126,-0.031116939850281966
637,24,52,20,0.14684488088743408,0.1161238897745388,0.12204084258905912,0.024804038298374964,-0.005916952814520315
638,24,56,20,0.14952718676122922,0.15354133454793895,0.12049362661445773,0.029033560146771498,0.03304770793348122
639,24,60,20,0.17362247681396614,0.14736961967661122,0.10715650733662274,0.0664659694773434,0.04021311233998848
640,24,64,20,0.15530096381160208,0.13785014803006157,0.12032870420006514,0.03497225961153694,0.01752144382999643
641,24,68,20,0.11618021458446992,0.17269414711910736,0.1239628811000929,-0.007782666515622982,0.04873126601901445
642,24,72,20,0.11204309874522633,0.1800501024823502,0.16388506878384856,-0.05184197003862223,0.01616503369850164
643,24,76,20,0.09533551554828146,0.14470507856980186,0.13150947159485749,-0.03617395604657603,0.013195606974944374
644,24,80,20,0.10570103655210039,0.16019130038715557,0.1590043391017405,-0.05330330254964011,0.0011869612854150668
645,24,84,20,0.06114748136024728,0.12375313140514688,0.13917357471423808,-0.0780260933539908,-0.015420443309091203
646,24,88,20,0.3458810692853246,0.1387383283989979,0.15970752127198728,0.1861735480133373,-0.020969192872989373
647,24,92,20,0.33142389525368254,0.10799362332042806,0.13920800255497567,0.19221589269870687,-0.031214379234547618
648,24,96,20,0.3127386797599563,0.10828968344340695,0.15724421374365793,0.15549446601629835,-0.04895453030025099
649,24,100,20,0.3230360065466449,0.10491915281257114,0.17538418202461947,0.1476518245220254,-0.07046502921204834
650,24,104,20,0.307578650663757,0.08792985652470964,0.15649430579539358,0.15108434486836342,-0.06856444927068395
651,24,108,20,0.2962811420258228,0.07141881120473692,0.15837131888429656,0.13790982314152622,-0.08695250767955964
652,24,112,20,0.2775504637206765,0.06394898656342518,0.1685354417975803,0.1090150219230962,-0.1045864552341551
653,24,116,20,0.2851654846335697,0.05199271236620362,0.16451312332140267,0.12065236131216706,-0.11252041095519905
655,28,32,20,0.07898188284983887,0.05258796389616771,0.07845299238279724,0.0005288904670416317,-0.025865028486629527
656,28,36,20,0.13215516283205508,0.11704629442988634,0.13722088505787478,-0.005065722225819691,-0.02017459062798843
657,28,40,20,0.10379015227297994,0.09713543416425896,0.07443430971175102,0.029355842561228918,0.022701124452507937
658,28,44,20,0.13675669667667,0.16643149902573395,0.13170689597286045,0.005049800703809559,0.034724603052873504
659,28,48,20,0.11350450150050018,0.19234473336468894,0.1013149078587936,0.012189593641706575,0.09102982550589533
660,28,52,20,0.07975991997332443,0.1650428900983224,0.08315002970557528,-0.0033901097322508456,0.08189286039274712
661,28,56,20,0.054529287540291294,0.18658872539138605,0.11163190159285241,-0.05710261405256112,0.07495682379853363
662,28,60,20,0.037812604201400535,0.1545387354699992,0.13356951740046008,-0.09575691319905955,0.02096921806953911
663,28,64,20,0.039190841391575026,0.12139129655759362,0.1289119368286228,-0.08972109543704776,-0.0075206402710291664
664,28,68,20,0.04219184172501944,0.10190597773746324,0.1403206398906548,-0.09812879816563536,-0.03841466215319156
665,28,72,20,0.05275091697232415,0.09836726466438217,0.14149300770996154,-0.08874209073763739,-0.04312574304557937
666,28,76,20,0.06150939201956207,0.12546753566709212,0.12398415931959794,-0.06247476730003587,0.0014833763474941808
667,28,80,20,0.08316105368456161,0.13984635714125726,0.12976627936560492,-0.046605225681043305,0.01008007777565234
668,28,84,20,0.10830276758919632,0.12551232950346025,0.1308195900179121,-0.022516822428715777,-0.00530726051445185
669,28,88,20,0.09420918083805718,0.09968868283724153,0.1370103770475436,-0.042801196209486414,-0.03732169421030207
670,28,92,20,0.2303879070801379,0.10215234383748784,0.1398130015168344,0.0905749055633035,-0.037660657679346565
671,28,96,20,0.2799822162943203,0.14125736298685299,0.14355506600150925,0.13642715029281105,-0.0022977030146562605
672,28,100,20,0.27922640880293426,0.18540168872763108,0.12706021866229578,0.15216619014063848,0.0583414700653353
673,28,104,20,0.26070912526397694,0.18103428968173974,0.13332797380046446,0.12738115146351248,0.047706315881275274
674,28,108,20,0.2842058463932422,0.2565343008801988,0.1531632937538593,0.13104255263938291,0.10337100712633951
675,28,112,20,0.2727131265977548,0.32486729825975935,0.1556361570257867,0.11707696957196811,0.16923114123397265
676,28,116,20,0.2550627987106814,0.29216779771103485,0.14690563313795058,0.1081571655727308,0.14526216457308427
678,32,36,20,0.1333973512583524,0.1293574042648894,0.16686389964435866,-0.03346654838600627,-0.03750649537946926
679,32,40,20,0.16538630816628674,0.1299298726257897,0.1604502925270297,0.004936015639257052,-0.030520419901239992
680,32,44,20,0.17674948985716,0.1499458199587006,0.13387626517928874,0.04287322467787125,0.016069554779411854
681,32,48,20,0.20087624534869775,0.17754697307354184,0.12215211506629431,0.07872413028240344,0.05539485800724753
682,32,52,20,0.2181410795022607,0.12287624460755253,0.13390217566386886,0.08423890383839183,-0.01102593105631633
683,32,56,20,0.15328291921738102,0.15076363190284403,0.15749667652642252,-0.004213757309041499,-0.006733044623578488
684,32,60,20,0.14726123314528072,0.11794892764408837,0.14857532273398022,-0.0013140895886994963,-0.030626395089891845
685,32,64,20,0.11193134077541711,0.11283760299319179,0.1376305492131582,-0.025699208437741095,-0.024792946219966416
686,32,68,20,0.1373584603689033,0.1378013125881703,0.16581200533818397,-0.028453544969280653,-0.028010692750013666
687,32,72,20,0.10376905533549408,0.14248328596839166,0.14553633818131506,-0.041767282845820985,-0.0030530522129234017
688,32,76,20,0.0681790901452407,0.15654965140765897,0.14936287866338271,-0.08118378851814201,0.00718677274427626
689,32,80,20,0.075481134717721,0.1361861339984871,0.17248256208597013,-0.09700142736824913,-0.03629642808748301
690,32,84,20,0.03873084463649834,0.09866901106090664,0.15187542925900743,-0.11314458462250909,-0.05320641819810079
691,32,88,20,0.050354099147761566,0.11860317719940305,0.1835471761059393,-0.13319307695817773,-0.06494399890653624
692,32,92,20,0.04495258672428293,0.11433010979125369,0.16449628512998904,-0.11954369840570611,-0.05016617533873535
693,32,96,20,0.31512823590605377,0.10408701519085695,0.17645404275476584,0.13867419315128793,-0.07236702756390889
694,32,100,20,0.3010843036050095,0.1027580707816238,0.14904509021224166,0.15203921339276782,-0.04628701943061786
695,32,104,20,0.29026127315648387,0.08877348653677097,0.15875725349050052,0.13150401966598335,-0.06998376695372954
696,32,108,20,0.2923818669227385,0.10946412872360012,0.18111350809721505,0.11126835882552344,-0.07164937937361493
697,32,112,20,0.28561997359260594,0.1855615301261475,0.18403907022040167,0.10158090337220427,0.0015224599057458432
698,32,116,20,0.2843596206937944,0.19921898959334305,0.1731241197758513,0.1112355009179431,0.02609486981749176
700,36,40,20,0.14836908931698778,0.09900040573936786,0.18048327973505307,-0.03211419041806529,-0.08148287399568521
701,36,44,20,0.21865878575598374,0.12935708752904718,0.2403311455101924,-0.02167235975420867,-0.11097405798114524
702,36,48,20,0.1893425277291303,0.07209250857585481,0.11462753386696689,0.0747149938621634,-0.04253502529111208
703,36,52,20,0.20494016345592536,0.10158238353435878,0.14656936803690745,0.05837079541901791,-0.04498698450254868
704,36,56,20,0.20450233508464677,0.12109475858507612,0.1775219025755035,0.02698043250914328,-0.056427143990427364
705,36,60,20,0.18211835960303568,0.10237541957139162,0.19854501507454259,-0.0164266554715069,-0.09616959550315096
706,36,64,20,0.14811368943374204,0.1193427022241893,0.10696088791963432,0.04115280151410772,0.012381814304554983
707,36,68,20,0.21085084646818453,0.1402567223636163,0.2184680174843031,-0.007617171016118585,-0.07821129512068681
708,36,72,20,0.20017877991827204,0.14165836745232552,0.2017811367147514,-0.001602356796479354,-0.06012276926242588
709,36,76,20,0.1532399299474606,0.14698830732912838,0.18411880717031903,-0.030878877222858425,-0.037130499841190656
710,36,80,20,0.16735989492119097,0.1711297997122938,0.21629087527209312,-0.048930980350902153,-0.04516107555979931
711,36,84,20,0.16856392294220668,0.16067278964258047,0.19286145623621864,-0.024297533294011964,-0.03218866659363817
712,36,88,20,0.15752699941622883,0.1513407841835417,0.19129627199639299,-0.033769272580164156,-0.0399554878128513
713,36,92,20,0.061897985989492144,0.14575264652723996,0.18784887944878015,-0.125950893459288,-0.04209623292154019
714,36,96,20,0.11651707530648003,0.12164803954114556,0.1786454439205014,-0.06212836861402138,-0.056997404379355854
715,36,100,20,0.36217527729130183,0.13490833978827788,0.23974580505318366,0.12242947223811818,-0.10483746526490578
716,36,104,20,0.33588733216579103,0.10160082623289435,0.20177147220941172,0.1341158599563793,-0.10017064597651737
717,36,108,20,0.32778750729713957,0.09278521633285375,0.18282444355314564,0.14496306374399393,-0.0900392272202919
718,36,112,20,0.3336252189141856,0.09193685220021397,0.20961380280259345,0.12401141611159217,-0.11767695060237948
719,36,116,20,0.32647402218330424,0.09960901479104411,0.20985128213236315,0.11662274005094109,-0.11024226734131903
721,40,44,20,0.208300564810181,0.1473244421740162,0.31730355489935724,-0.10900299008917624,-0.16997911272534105
722,40,48,20,0.21325159076285127,0.13701629235007573,0.23758335053937807,-0.024331759776526796,-0.10056705818930234
723,40,52,20,0.21943590476871377,0.07638977577493578,0.10892392307289389,0.11051198169581988,-0.032534147297958116
724,40,56,20,0.2144312575963394,0.1285325938224079,0.20437531271837683,0.010055944877962575,-0.07584271889596894
725,40,60,20,0.20676342317866592,0.17543923664957772,0.2634344874086455,-0.056671064229979584,-0.08799525075906778
726,40,64,20,0.14477729320082933,0.1755487037273541,0.23010730856815442,-0.0853300153673251,-0.05455860484080033
727,40,68,20,0.14161364123829268,0.16494864169600998,0.17659018443891827,-0.0349765432006256,-0.011641542742908295
728,40,72,20,0.16981840280260252,0.16759409607560527,0.20933972837769355,-0.039521325575091026,-0.041745632302088276
729,40,76,20,0.2033137913777079,0.15002463009249967,0.18797159384395623,0.015342197533751656,-0.037946963751456564
730,40,80,20,0.17768284835919068,0.10844538505044621,0.18340590229425602,-0.0057230539350653364,-0.07496051724380981
731,40,84,20,0.21968613712733254,0.1070223130393535,0.21696139723187136,0.0027247398954611812,-0.10993908419251786
732,40,88,20,0.20844355472939158,0.0954005582820967,0.21871800574217493,-0.010274451012783348,-0.12331744746007822
733,40,92,20,0.17632444412668902,0.09392275273211581,0.22323963825299153,-0.04691519412630252,-0.12931688552087572
734,40,96,20,0.15512618860370353,0.11816971045957936,0.20247463112228758,-0.047348442518584055,-0.08430492066270823
735,40,100,20,0.1479766926431687,0.1817518381346811,0.18338707028786783,-0.03541037764469912,-0.0016352321531867275
736,40,104,20,0.35915492957746475,0.23378518910437696,0.1961082248448266,0.16304670473263816,0.03767696425955036
737,40,108,20,0.3524522771144635,0.24042619182280933,0.2213534141601804,0.13109886295428308,0.019072777662628937
738,40,112,20,0.33924358332737536,0.2156683877323895,0.1943548019150757,0.14488878141229966,0.021313585817313796
739,40,116,20,0.34349753342389366,0.23442374705807234,0.20150397749287285,0.1419935559310208,0.032919769565199486
741,44,48,20,0.14489401960971704,0.09290991077424926,0.1619982317640779,-0.017104212154360865,-0.06908832098982864
742,44,52,20,0.19802756063530902,0.14717451789312097,0.2587305447086784,-0.06070298407336938,-0.11155602681555743
743,44,56,20,0.19758796659085265,0.14093830950781927,0.17027059128209499,0.027317375308757663,-0.029332281774275715
744,44,60,20,0.15569274287570967,0.17837474815312293,0.14440080783086617,0.011291935044843493,0.03397394032225676
745,44,64,20,0.12673687429521618,0.16937541974479509,0.2070788460293248,-0.08034197173410862,-0.03770342628452972
746,44,68,20,0.14670973414116706,0.1322459944353832,0.19799843734364309,-0.05128870320247603,-0.06575244290825988
747,44,72,20,0.18090250568605337,0.15156864626307198,0.27157283245638697,-0.0906703267703336,-0.12000418619331499
748,44,76,20,0.17105942164713972,0.10440372253669772,0.18533256074669235,-0.014273139099552634,-0.08092883820999464
749,44,80,20,0.20530953154565101,0.14485272954043937,0.23578069436983395,-0.03047116282418294,-0.09092796482939458
750,44,84,20,0.2051948548384015,0.14824906456874232,0.20872982991190536,-0.0035349750735038654,-0.060480765343163045
751,44,88,20,0.18095984403967813,0.13777223448143527,0.23789724791729872,-0.056937403877620585,-0.10012501343586344
752,44,92,20,0.13514649949351132,0.12228724935239377,0.20281645461989084,-0.06766995512637952,-0.08052920526749707
753,44,96,20,0.17629632461153277,0.1404202245035019,0.23766076354283183,-0.06136443893129906,-0.09724053903932994
754,44,100,20,0.20133407236100231,0.15709488630912405,0.2925984754743325,-0.09126440311333017,-0.13550358916520844
755,44,104,20,0.1565719309646224,0.1450254245418786,0.2487626020787016,-0.09219067111407919,-0.10373717753682299
756,44,108,20,0.28199002312646937,0.21462151012184594,0.2297717381298081,0.05221828499666126,-0.015150228007962174
757,44,112,20,0.29468091206207836,0.2642233522018612,0.24881907975823225,0.045861832303846106,0.015404272443628964
758,44,116,20,0.26129087746793833,0.22947328024561064,0.23346751286391687,0.02782336460402146,-0.003994232618306226
760,48,52,20,0.15188331067121075,0.11226633434217559,0.173828198056466,-0.02194488738525524,-0.0615618637142904
761,48,56,20,0.20244044570802944,0.12529820188712837,0.24218775054851527,-0.03974730484048583,-0.1168895486613869
762,48,60,20,0.19219834360486676,0.13849029731173212,0.20133974263524312,-0.009141399030376363,-0.062849445323511
763,48,64,20,0.21729149375761536,0.14548691472316178,0.1863185190254636,0.03097297473215177,-0.040831604302301816
764,48,68,20,0.20553073513570785,0.1764643047890333,0.2193915205232606,-0.013860785387552754,-0.04292721573422731
765,48,72,20,0.17973123311377548,0.17390065871461635,0.19805544903963357,-0.01832421592585809,-0.024154790325017217
766,48,76,20,0.19032651115153,0.1494213993234823,0.2124906930777234,-0.022164181926193405,-0.06306929375424108
767,48,80,20,0.19014992318423407,0.12816450062310836,0.21580586496492682,-0.025655941780692748,-0.08764136434181846
768,48,84,20,0.138321354782885,0.08324728502759482,0.18837012204152515,-0.05004876725864016,-0.10512283701393033
769,48,88,20,0.162107753977644,0.09439202421221293,0.20428493423293903,-0.042177180255295044,-0.1098929100207261
770,48,92,20,0.134348125518727,0.1301050382766602,0.21503209417723423,-0.08068396865850724,-0.08492705590057403
771,48,96,20,0.1460382489537163,0.1632544062666904,0.22298132382364877,-0.07694307486993246,-0.05972691755695836
772,48,100,20,0.1335887972593548,0.20085454869147223,0.2371455607511498,-0.10355676349179499,-0.03629101205967755
773,48,104,20,0.12052128767945758,0.19257610824283422,0.21657488704643835,-0.09605359936698077,-0.023998778803604126
774,48,108,20,0.0753500856451641,0.21224853124443654,0.2243123267229401,-0.148962241077776,-0.012063795478503558
775,48,112,20,0.2597785586890109,0.27000178030977395,0.2307898357873931,0.028988722901617803,0.03921194452238086
776,48,116,20,0.23609811227462962,0.2772476410895496,0.21396701288831022,0.02213109938631941,0.06328062820123936
778,52,56,20,0.11509733576427683,0.10973864178550607,0.24707950655572886,-0.13198217079145202,-0.13734086477022278
779,52,60,20,0.1554431570899253,0.08611214193571182,0.21617437136343143,-0.06073121427350614,-0.1300622294277196
780,52,64,20,0.14669960203101395,0.09570764636236717,0.18732611162302149,-0.04062650959200753,-0.09161846526065431
781,52,68,20,0.13411358779823157,0.10199862164024809,0.2041269800216059,-0.07001339222337433,-0.10212835838135781
782,52,72,20,0.14072026505126534,0.12408772022831294,0.22510576428109463,-0.0843854992298293,-0.1010180440527817
783,52,76,20,0.10145268482032588,0.14548763894043004,0.18596010482621939,-0.08450742000589351,-0.040472465885789344
784,52,80,20,0.11793997137759993,0.1577515064765237,0.20654110154932026,-0.08860113017172033,-0.048789595072796565
785,52,84,20,0.09678684153776784,0.19247556945696154,0.2232400783913382,-0.12645323685357035,-0.030764508934376655
786,52,88,20,0.09266992099433435,0.17363798618105986,0.22994264035100753,-0.13727271935667318,-0.05630465416994768
787,52,92,20,0.07994667607677064,0.1713937337645125,0.2181970972469055,-0.13825042117013486,-0.046803363482393
788,52,96,20,0.07755494128487117,0.12709183763628973,0.18090635018530932,-0.10335140890043815,-0.05381451254901959
789,52,100,20,0.19982748142484652,0.12739224937708737,0.21486564036238287,-0.01503815893753635,-0.0874733909852955
790,52,104,20,0.188084455684291,0.0996660128293485,0.2134242072084942,-0.025339751524203202,-0.1137581943791457
791,52,108,20,0.18165421788311853,0.09528353566947634,0.2255845303489139,-0.043930312465795374,-0.13030099467943757
792,52,112,20,0.17485149679468326,0.07853116330028798,0.22903005243668184,-0.05417855564199858,-0.15049888913639387
793,52,116,20,0.3009468917249897,0.07837212179045394,0.21771262290257043,0.08323426882241924,-0.1393405011121165
795,56,60,20,0.18666100910353345,0.10800125264229232,0.1752672983171475,0.011393710786385958,-0.06726604567485517
796,56,64,20,0.1552422465668879,0.0637086040867455,0.09202447868172925,0.06321776788515865,-0.028315874594983748
797,56,68,20,0.1487039037185619,0.09185391059265646,0.1188487513285299,0.029855152390032003,-0.026994840735873438
798,56,72,20,0.13337062181762072,0.11676974868863998,0.15937035303386826,-0.025999731216247546,-0.04260060434522828
799,56,76,20,0.07359975312451794,0.09414389728333206,0.08751450638636604,-0.0139147532618481,0.006629390896966014
800,56,80,20,0.09930952013578165,0.14683316370468957,0.14950591035767746,-0.050196390221895815,-0.0026727466529878896
801,56,84,20,0.10457491127912355,0.15607140061066305,0.13350776806883802,-0.028932856789714467,0.02256363254182503
802,56,88,20,0.07354189168338221,0.17090738276051043,0.13046847621623714,-0.05692658453285493,0.04043890654427329
803,56,92,20,0.07404335750655777,0.177346747044547,0.11506737771766029,-0.04102402021110252,0.06227936932688671
804,56,96,20,0.051535256904798654,0.22365536678932119,0.13677764719857322,-0.08524239029377456,0.08687771959074797
805,56,100,20,0.04775497608393775,0.24121193141783448,0.14990427637949255,-0.1021493002955548,0.09130765503834193
806,56,104,20,0.0331160314766239,0.21651139121584595,0.13600648471181764,-0.10289045323519375,0.0805049065040283
807,56,108,20,0.029027156303039647,0.21653096375166359,0.1470538066904804,-0.11802665038744076,0.06947715706118318
808,56,112,20,0.0711888597438668,0.2038088154701323,0.15030539574543855,-0.07911653600157176,0.053503419724693746
809,56,116,20,0.14949467674741557,0.22631723166053386,0.14623806536919848,0.003256611378217089,0.08007916629133538
811,60,64,20,0.11355548366224522,0.11695570613682482,0.13859438258866086,-0.025038898926415643,-0.021638676451836036
812,60,68,20,0.1389613108264982,0.09402396539183033,0.15579660254190564,-0.01683529171540743,-0.061772637150075305
813,60,72,20,0.15959046187222858,0.09919222081849854,0.19462334999912212,-0.035032888126893535,-0.09543112918062358
814,60,76,20,0.10573391440044144,0.10235059913479572,0.17258293442683637,-0.06684902002639492,-0.07023233529204065
815,60,80,20,0.097550764077873,0.10332682515983316,0.1714896404427897,-0.0739388763649167,-0.06816281528295653
816,60,84,20,0.1016613698213028,0.11632403047356532,0.15768411520365155,-0.05602274538234875,-0.04136008473008623
817,60,88,20,0.08470512112965523,0.16253206232533202,0.1872578795269273,-0.10255275839727207,-0.02472581720159528
818,60,92,20,0.06879555445601082,0.17436162474637262,0.1569194586196052,-0.08812390416359439,0.01744216612676741
819,60,96,20,0.11182370068700387,0.22351747636001684,0.20105380085470048,-0.08923010016769661,0.02246367550531636
820,60,100,20,0.1625021409404913,0.23331801998392088,0.22470104999659135,-0.06219890905610004,0.008616969987329526
821,60,104,20,0.20486421679639177,0.25236399831553147,0.19704180463879617,0.007822412157595604,0.0553221936767353
822,60,108,20,0.18143757017527162,0.26170514145706514,0.17963427902304685,0.001803291152224773,0.08207086243401829
823,60,112,20,0.17544293679943668,0.2711037096588951,0.19779160702568477,-0.02234867022624809,0.07331210263321031
824,60,116,20,0.15477572458941524,0.2741280961678343,0.18707372246128118,-0.032297997871865936,0.08705437370655311
826,64,68,20,0.17095062471774802,0.13324457968809444,0.18714170722382806,-0.016191082506080035,-0.05389712753573361
827,64,72,20,0.1701791359325605,0.12280334728033471,0.15121966709592616,0.018959468836634352,-0.02841631981559145
828,64,76,20,0.11141427066084586,0.1322175732217573,0.1345728203585871,-0.023158549697741226,-0.0023552471368297745
829,64,80,20,0.11555396658136374,0.1553442373526056,0.16628512370056503,-0.05073115711920129,-0.010940886347959422
830,64,84,20,0.09009483667017903,0.1128185621909471,0.14173634876218832,-0.05164151209200929,-0.028917786571241222
831,64,88,20,0.11064278187565857,0.12055914796500566,0.13947012905189382,-0.028827347176235252,-0.018910981086888157
832,64,92,20,0.09884464850218266,0.07925066565233929,0.1401744669748577,-0.04132981847267503,-0.0609238013225184
833,64,96,20,0.0793504440764714,0.08877900342335487,0.1124786781313234,-0.03312823405485199,-0.02369967470796852
834,64,100,20,0.06314917958753563,0.11475846329402806,0.2001600325453573,-0.13701085295782167,-0.08540156925132925
835,64,104,20,0.043297455968688725,0.05895777862305063,0.1565279111227924,-0.11323045515410368,-0.09757013249974178
836,64,108,20,0.025327412313713604,0.03727653100038042,0.12535444607639679,-0.10002703376268318,-0.08807791507601637
837,64,112,20,0.035187415324401616,0.04678585013313041,0.16409998299927242,-0.1289125676748708,-0.117314132866142
838,64,116,20,0.03234607857895522,0.049619627234689934,0.16329416069026448,-0.13094808211130926,-0.11367453345557454
840,68,72,20,0.12250306939761857,0.06561113110231498,0.08937212378721116,0.033130945610407414,-0.023760992684896176
841,68,76,20,0.1388926782686648,0.09521810403422493,0.06331009332040904,0.07558258494825576,0.03190801071381588
842,68,80,20,0.119599321809288,0.11127104074207339,0.07721856991806264,0.042380751891225366,0.03405247082401075
843,68,84,20,0.09440102897901126,0.15659109991603704,0.09405997620597983,0.000341052773031425,0.0625311237100572
844,68,88,20,0.07271061914134824,0.14053816320818835,0.06606162009577321,0.0066489990455750325,0.07447654311241514
845,68,92,20,0.09389433476896691,0.11696853384510808,0.10564964895597895,-0.011755314187012034,0.011318884889129133
846,68,96,20,0.06509071775183672,0.06763024269321505,0.08280628645986432,-0.017715568708027596,-0.015176043766649272
847,68,100,20,0.05624305731491053,0.05487585462396549,0.09795509663431246,-0.04171203931940193,-0.04307924201034696
848,68,104,20,0.01981953890826882,0.033865099356283124,0.08429690189026018,-0.06447736298199136,-0.050431802533977055
849,68,108,20,-0.003429930037222473,0.045819839270720863,0.0930193189358759,-0.09644924897309837,-0.04719947966515503
850,68,112,20,-0.00368327714224459,0.050837631442165465,0.10000499787685002,-0.10368827501909461,-0.049167366434684556
851,68,116,20,-0.015765985227914836,0.020191115909000024,0.09612626209498054,-0.11189224732289538,-0.07593514618598052
853,72,76,20,0.08535158535158527,0.13427512829149424,0.11984429814033426,-0.03449271278874899,0.014430830151159979
854,72,80,20,0.08145158145158138,0.12343722137465074,0.07741053281577315,0.004041048635808231,0.04602668855887759
855,72,84,20,0.06390156390156387,0.07491430722593184,0.12007563259225462,-0.05617406869069075,-0.04516132536632278
856,72,88,20,0.03428103428103435,0.07029779477323617,0.08841161932999864,-0.054130585048964286,-0.01811382455676247
857,72,92,20,0.06136656136656138,0.11047928513403749,0.1454754894801823,-0.08410892811362092,-0.03499620434614481
858,72,96,20,0.05996255996255995,0.04016167700263529,0.08603736646079274,-0.026074806498232794,-0.045875689458157454
859,72,100,20,0.09980109980109986,0.04238077311723576,0.08342855288252005,0.01637254691857981,-0.04104777976528429
860,72,104,20,0.13784563784563775,0.01779239563313595,0.06696642251158313,0.07087921533405461,-0.049174026878447186
861,72,108,20,0.1708591708591708,0.05561609637217424,0.12600048739092617,0.04485868346824462,-0.07038439101875194
862,72,112,20,0.16116766116766112,0.04216282617740885,0.1032564108347489,0.05791125033291222,-0.06109358465734005
863,72,116,20,0.14143364143364145,0.018743436825107596,0.07403665017530425,0.0673969912583372,-0.05529321335019666
865,76,80,20,0.04936541306548303,0.1154527923330152,0.12268236827047219,-0.07331695520498915,-0.007229575937456989
866,76,84,20,0.027252199641828234,0.12320548532247699,0.063985264264519,-0.03673306462269077,0.05922022105795799
867,76,88,20,0.010881413999844214,0.13524358649706847,0.10706932751573284,-0.09618791351588862,0.02817425898133563
868,76,92,20,-0.027271665498715292,0.11208290316925407,0.060787813219521536,-0.08805947871823683,0.05129508994973253
869,76,96,20,0.0018881881180409232,0.0810526520832926,0.1007478336601727,-0.09885964554213178,-0.019695181576880105
870,76,100,20,0.03513587168107135,0.06811851101544697,0.11454422720043855,-0.0794083555193672,-0.04642571618499158
871,76,104,20,0.08134781593085716,0.05234041724292415,0.0858635181394044,-0.004515702208547245,-0.03352310089648025
872,76,108,20,0.10965117184458462,0.05999571459181485,0.10495458827470971,0.0046965835698749014,-0.04495887368289486
873,76,112,20,0.12559370863505404,0.06250852211854996,0.11836308771394244,0.007230620921111597,-0.05585456559539248
874,76,116,20,0.0968621038698122,0.0017141632740519386,0.09675327928931188,0.00010882458050032184,-0.09503911601525994
876,80,84,20,0.14949230137147107,0.03148428776519374,0.09939281962307611,0.05009948174839496,-0.06790853185788237
877,80,88,20,0.12525189286482885,0.04117482852129528,0.07356882629697403,0.05168306656785482,-0.03239399777567875
878,80,92,20,0.11261322951108332,0.08079438506938907,0.11330294673749508,-0.0006897172264117568,-0.032508561668106006
879,80,96,20,0.06303680081388296,0.08595868559578868,0.0512972431985067,0.011739557615376262,0.03466144239728197
880,80,100,20,0.06634320035998675,0.10059419365130007,0.0782013902262404,-0.011858189866253643,0.02239280342505967
881,80,104,20,0.04290493612192592,0.09915855798372952,0.05332180229498218,-0.01041686617305626,0.045836755688747344
882,80,108,20,0.07225167765539098,0.12204897112777147,0.08071963918593072,-0.008467961530539747,0.04132933194184074
883,80,112,20,0.026099035470428356,0.11748285212952625,0.08725554210125774,-0.06115650663082939,0.030227310028268506
884,80,116,20,0.02285132940739154,0.12673472643164774,0.07581563094124388,-0.05296430153385234,0.050919095490403854
886,84,88,20,0.13030978643510915,0.0593840629747272,0.10821167606552895,0.022098110369580204,-0.04882761309080175
887,84,92,20,0.09545881248533195,0.03574881133229424,0.06348890556442166,0.031969906920910285,-0.02774009423212742
888,84,96,20,0.0849956974106234,0.07410184070866288,0.09678933587921756,-0.011793638468594159,-0.022687495170554683
889,84,100,20,0.08442853790190097,0.0854854301892004,0.11970523677886113,-0.035276698876960166,-0.03421980658966073
890,84,104,20,0.054662442306187886,0.07723873971629802,0.0855904631262765,-0.03092802082008861,-0.008351723409978473
891,84,108,20,0.05049675350074312,0.09235109594176016,0.10894268133830742,-0.058445927837564304,-0.01659158539654726
892,84,112,20,0.022823280919971767,0.07986268668494889,0.12307195897343748,-0.10024867805346571,-0.04320927228848859
893,84,116,20,0.007549088633341028,0.0886815159705644,0.09270855940305067,-0.08515947076970964,-0.004027043432486277
895,88,92,20,0.0713373989505034,0.10412962260004388,0.08681181807316551,-0.01547441912266212,0.017317804526878366
896,88,96,20,0.05879611807848939,0.06930653507282292,0.05201866540425315,0.0067774526742362395,0.017287869668569766
897,88,100,20,0.05828960431144514,0.05426248176932458,0.08895599775731655,-0.03066639344587141,-0.034693515987991974
898,88,104,20,0.02139514151994637,0.06908676802589264,0.06312836472468586,-0.04173322320473949,0.005958403301206783
899,88,108,20,0.014972546953826105,0.047749385651209675,0.05591087621688495,-0.04093832926305885,-0.008161490565675278
900,88,112,20,0.012480499219968744,0.0766387629113141,0.07233871766460576,-0.05985821844463701,0.0043000452467083505
901,88,116,20,-0.013128836841785452,0.09324116436577223,0.06391512320344539,-0.07704396004523084,0.029326041162326844
903,92,96,20,0.08592142647202905,0.08084100077502432,0.08073047126276578,0.0051909552092632705,0.00011052951225853924
904,92,100,20,0.09027138238463794,0.19818763538085493,0.13674163187751365,-0.046470249492875704,0.061446003503341284
905,92,104,20,0.02627608503967871,0.2882096937660221,0.06693806920154266,-0.04066198416186395,0.22127162456447946
906,92,108,20,0.030136181052219047,0.241410146857177,0.08234647363320924,-0.05221029258099019,0.15906367322396775
907,92,112,20,0.03505437444890758,0.21160151825281692,0.10913184434878032,-0.07407746989987274,0.1024696739040366
908,92,116,20,-0.008523562261193218,0.2695494922596928,0.09403766321681983,-0.10256122547801305,0.175511829042873
910,96,100,20,0.030816152734042368,0.030170955479929096,0.08242992079151867,-0.051613768057476306,-0.05225896531158958
911,96,104,20,0.008575446101439788,0.02348398909387628,0.040144007983880625,-0.03156856188244084,-0.016660018890004347
912,96,108,20,-0.009704315449666323,0.020021095786812992,0.05002960756824648,-0.059733923017912804,-0.03000851178143349
913,96,112,20,-0.018675856059255702,0.03297709315979058,0.06826016622596609,-0.08693602228522179,-0.03528307306617551
914,96,116,20,-0.03879745707325766,0.010985730491372636,0.04869748669546792,-0.08749494376872557,-0.03771175620409528
916,100,104,20,0.05201457073648785,0.09569120976096379,0.06468649506517088,-0.012671924328683026,0.031004714695792912
917,100,108,20,0.071337438287014,0.12619422169358863,0.12729011722365424,-0.05595267893664024,-0.001095895530065616
918,100,112,20,0.03701854625469214,0.09617081686682272,0.07070235723894602,-0.03368381098425388,0.025468459627876694
919,100,116,20,0.03886762448919223,0.1097341058205118,0.08934491687538715,-0.050477292386194916,0.020389188945124648
921,104,108,20,0.2166174967702128,-0.018907276377599702,0.06463998995042475,0.15197750681978806,-0.08354726632802445
922,104,112,20,0.23794373421260684,-0.017581817827417412,0.0653558353277841,0.17258789888482273,-0.08293765315520152
923,104,116,20,0.20996509901467397,-0.030583006841705007,0.0312784382269371,0.17868666078773687,-0.06186144506864211
925,108,112,20,0.0377575049967348,0.14920749859200255,0.0544435129939721,-0.016686007997237295,0.09476398559803045
926,108,116,20,0.08673540062929175,0.14261002494166863,0.05305937637689995,0.0336760242523918,0.08955064856476869
928,112,116,20,-0.000888818661241686,-0.0895684411035782,0.028444237249043658,-0.029333055910285344,-0.11801267835262186
