cell_idx,low_b0,high_b0,b2,low_l,high_l,delta_l,delta_omega,cos_sim,chip_peak,chip_rms,ours_peak,ours_rms,rms_ratio,peak_ratio,chip_pre_rms,ours_pre_rms
0,0,0,8,9,9,0,0.000000,1.000000,1006.0,627.2,944.0,622.3,1.0078,1.0657,627.2,622.3
1,0,4,8,9,9,0,0.018604,1.000000,1028.0,630.2,973.0,614.9,1.0248,1.0565,627.2,622.3
2,0,8,8,9,10,1,0.036097,0.987532,946.0,488.2,924.0,520.6,0.9378,1.0238,627.2,622.3
3,0,12,8,9,11,2,0.052540,0.957720,917.0,436.9,940.0,514.5,0.8491,0.9755,627.2,622.3
4,0,16,8,9,11,2,0.068003,0.957720,919.0,422.5,925.0,511.2,0.8265,0.9935,627.2,622.3
5,0,20,8,9,12,3,0.082511,0.954119,941.0,436.9,1007.0,560.8,0.7791,0.9345,627.2,622.3
6,0,24,8,9,13,4,0.096126,0.801020,932.0,443.9,924.0,530.5,0.8369,1.0087,627.2,622.3
7,0,28,8,9,14,5,0.108925,0.797819,942.0,456.6,962.0,527.0,0.8663,0.9792,627.2,622.3
8,0,32,8,9,15,6,0.121416,0.794403,1045.0,460.8,1092.0,555.9,0.8290,0.9570,627.2,622.3
9,0,36,8,9,16,7,0.132826,0.734962,1044.0,492.0,960.0,525.2,0.9367,1.0875,627.2,622.3
10,0,40,8,9,17,8,0.143564,0.731091,989.0,494.6,951.0,516.2,0.9582,1.0400,627.2,622.3
11,0,44,8,9,18,9,0.153662,0.609835,986.0,484.5,1132.0,521.6,0.9289,0.8710,627.2,622.3
12,0,48,8,9,19,10,0.163168,0.607893,1110.0,470.6,1097.0,514.1,0.9154,1.0119,627.2,622.3
13,0,52,8,9,20,11,0.172096,0.604020,1036.0,460.2,1028.0,511.6,0.8996,1.0078,627.2,622.3
14,0,56,8,9,21,12,0.180522,0.556244,1110.0,491.0,1009.0,517.2,0.9493,1.1001,627.2,622.3
15,0,60,8,9,23,14,0.188420,0.479235,1187.0,480.1,1161.0,520.8,0.9218,1.0224,627.2,622.3
16,0,64,8,9,24,15,0.195822,0.475977,1182.0,482.7,1131.0,524.2,0.9210,1.0451,627.2,622.3
17,0,68,8,9,26,17,0.202790,0.446252,1286.0,466.0,1075.0,519.7,0.8967,1.1963,627.2,622.3
18,0,72,8,9,27,18,0.209318,0.443621,1288.0,460.4,1139.0,519.6,0.8861,1.1308,627.2,622.3
19,0,76,8,9,29,20,0.215419,0.385358,1386.0,462.2,1184.0,510.4,0.9055,1.1706,627.2,622.3
20,0,80,8,9,31,22,0.221482,0.365365,1405.0,461.0,1140.0,486.0,0.9485,1.2325,627.2,622.3
21,0,84,8,9,33,24,0.226974,0.324358,1175.0,430.1,986.0,481.4,0.8936,1.1917,627.2,622.3
22,0,88,8,9,35,26,0.232139,0.308884,1161.0,436.8,924.0,466.1,0.9371,1.2565,627.2,622.3
23,0,92,8,9,37,28,0.236989,0.295049,1104.0,423.9,924.0,468.6,0.9046,1.1948,627.2,622.3
24,0,96,8,9,40,31,0.241544,0.281429,1032.0,410.1,924.0,469.2,0.8740,1.1169,627.2,622.3
25,0,100,8,9,42,33,0.245836,0.279943,1062.0,405.6,924.0,480.3,0.8445,1.1494,627.2,622.3
26,0,104,8,9,45,36,0.249876,0.255188,1170.0,418.5,924.0,482.7,0.8669,1.2662,627.2,622.3
27,0,108,8,9,48,39,0.253658,0.245478,1177.0,421.1,954.0,483.1,0.8716,1.2338,627.2,622.3
28,0,112,8,9,51,42,0.257221,0.236817,1121.0,421.8,1143.0,496.7,0.8492,0.9808,627.2,622.3
29,0,116,8,9,54,45,0.260564,0.235173,1393.0,482.8,1130.0,509.7,0.9473,1.2327,627.2,622.3
30,4,4,8,9,9,0,0.000000,1.000000,1036.0,629.5,974.0,616.2,1.0214,1.0637,625.6,618.3
31,4,8,8,9,10,1,0.017493,0.987532,975.0,473.3,975.0,525.8,0.9001,1.0000,625.6,618.3
32,4,12,8,9,11,2,0.033936,0.957720,975.0,447.5,974.0,518.4,0.8633,1.0010,625.6,618.3
33,4,16,8,9,11,2,0.049399,0.957720,975.0,437.6,974.0,519.9,0.8417,1.0010,625.6,618.3
34,4,20,8,9,12,3,0.063907,0.954119,974.0,456.8,974.0,552.5,0.8268,1.0000,625.6,618.3
35,4,24,8,9,13,4,0.077522,0.801020,974.0,444.2,974.0,490.5,0.9057,1.0000,625.6,618.3
36,4,28,8,9,14,5,0.090321,0.797819,974.0,453.7,974.0,495.3,0.9161,1.0000,625.6,618.3
37,4,32,8,9,15,6,0.102812,0.794403,1111.0,549.9,1097.0,519.2,1.0593,1.0128,625.6,618.3
38,4,36,8,9,16,7,0.114222,0.734962,993.0,488.2,974.0,500.3,0.9758,1.0195,625.6,618.3
39,4,40,8,9,17,8,0.124960,0.731091,1034.0,496.0,974.0,508.7,0.9750,1.0616,625.6,618.3
40,4,44,8,9,18,9,0.135058,0.609835,1203.0,503.0,1122.0,522.2,0.9631,1.0722,625.6,618.3
41,4,48,8,9,19,10,0.144564,0.607893,1005.0,477.0,1088.0,514.2,0.9276,0.9237,625.6,618.3
42,4,52,8,9,20,11,0.153492,0.604020,1067.0,470.0,1050.0,519.0,0.9056,1.0162,625.6,618.3
43,4,56,8,9,21,12,0.161918,0.556244,1108.0,482.5,1057.0,519.1,0.9294,1.0482,625.6,618.3
44,4,60,8,9,23,14,0.169816,0.479235,1227.0,500.4,1186.0,503.8,0.9932,1.0346,625.6,618.3
45,4,64,8,9,24,15,0.177218,0.475977,1133.0,519.3,1028.0,505.1,1.0280,1.1021,625.6,618.3
46,4,68,8,9,26,17,0.184186,0.446252,1081.0,419.4,1057.0,487.5,0.8602,1.0227,625.6,618.3
47,4,72,8,9,27,18,0.190714,0.443621,1011.0,423.6,1060.0,489.6,0.8651,0.9538,625.6,618.3
48,4,76,8,9,29,20,0.196815,0.385358,1052.0,432.1,1182.0,499.7,0.8647,0.8900,625.6,618.3
49,4,80,8,9,31,22,0.202878,0.365365,999.0,429.2,1237.0,518.3,0.8281,0.8076,625.6,618.3
50,4,84,8,9,33,24,0.208370,0.324358,1137.0,457.2,1247.0,537.8,0.8502,0.9118,625.6,618.3
51,4,88,8,9,35,26,0.213535,0.308884,1332.0,491.7,1230.0,522.8,0.9406,1.0829,625.6,618.3
52,4,92,8,9,37,28,0.218385,0.295049,1500.0,488.7,1323.0,508.7,0.9608,1.1338,625.6,618.3
53,4,96,8,9,40,31,0.222940,0.281429,1485.0,486.9,1215.0,500.1,0.9736,1.2222,625.6,618.3
54,4,100,8,9,42,33,0.227232,0.279943,1559.0,480.0,1280.0,500.9,0.9583,1.2180,625.6,618.3
55,4,104,8,9,45,36,0.231272,0.255188,1671.0,480.4,1394.0,486.1,0.9882,1.1987,625.6,618.3
56,4,108,8,9,48,39,0.235054,0.245478,1449.0,449.7,1292.0,444.6,1.0115,1.1215,625.6,618.3
57,4,112,8,9,51,42,0.238617,0.236817,1136.0,389.5,974.0,415.7,0.9369,1.1663,625.6,618.3
58,4,116,8,9,54,45,0.241960,0.235173,1175.0,384.8,974.0,431.9,0.8911,1.2064,625.6,618.3
59,8,8,8,10,10,0,0.000000,1.000000,1044.0,641.3,985.0,631.3,1.0158,1.0599,643.0,632.2
60,8,12,8,10,11,1,0.016443,0.962258,984.0,513.5,981.0,533.8,0.9620,1.0031,643.0,632.2
61,8,16,8,10,11,1,0.031906,0.962258,986.0,493.1,981.0,522.2,0.9443,1.0051,643.0,632.2
62,8,20,8,10,12,2,0.046414,0.959462,972.0,477.3,1042.0,526.4,0.9067,0.9328,643.0,632.2
63,8,24,8,10,13,3,0.060029,0.825127,1035.0,469.4,981.0,571.0,0.8220,1.0550,643.0,632.2
64,8,28,8,10,14,4,0.072828,0.810830,980.0,465.9,981.0,557.6,0.8356,0.9990,643.0,632.2
65,8,32,8,10,15,5,0.085319,0.807358,975.0,466.2,981.0,544.6,0.8561,0.9939,643.0,632.2
66,8,36,8,10,16,6,0.096729,0.762107,984.0,431.1,1085.0,546.8,0.7884,0.9069,643.0,632.2
67,8,40,8,10,17,7,0.107467,0.756477,993.0,493.7,984.0,546.4,0.9037,1.0091,643.0,632.2
68,8,44,8,10,18,8,0.117565,0.622408,1067.0,494.4,996.0,534.5,0.9249,1.0713,643.0,632.2
69,8,48,8,10,19,9,0.127071,0.620426,1128.0,518.1,1049.0,537.6,0.9636,1.0753,643.0,632.2
70,8,52,8,10,20,10,0.135999,0.618030,1136.0,521.3,1179.0,548.8,0.9499,0.9635,643.0,632.2
71,8,56,8,10,21,11,0.144425,0.616308,1145.0,510.7,1079.0,534.5,0.9556,1.0612,643.0,632.2
72,8,60,8,10,23,13,0.152323,0.504317,1239.0,525.8,1204.0,556.8,0.9444,1.0291,643.0,632.2
73,8,64,8,10,24,14,0.159725,0.500889,1318.0,544.1,1188.0,550.7,0.9880,1.1094,643.0,632.2
74,8,68,8,10,26,16,0.166693,0.489775,1442.0,529.4,1071.0,552.8,0.9578,1.3464,643.0,632.2
75,8,72,8,10,27,17,0.173221,0.486887,1195.0,460.2,1172.0,554.9,0.8294,1.0196,643.0,632.2
76,8,76,8,10,29,19,0.179322,0.432572,1059.0,435.9,1251.0,557.2,0.7823,0.8465,643.0,632.2
77,8,80,8,10,31,21,0.185385,0.405825,1129.0,421.3,1242.0,546.5,0.7708,0.9090,643.0,632.2
78,8,84,8,10,33,23,0.190877,0.373466,1070.0,421.5,1316.0,545.5,0.7727,0.8131,643.0,632.2
79,8,88,8,10,35,25,0.196042,0.356663,1183.0,431.8,1178.0,514.5,0.8392,1.0042,643.0,632.2
80,8,92,8,10,37,27,0.200892,0.327502,1117.0,433.3,1201.0,520.7,0.8321,0.9301,643.0,632.2
81,8,96,8,10,40,30,0.205447,0.313060,1237.0,458.3,1242.0,516.3,0.8877,0.9960,643.0,632.2
82,8,100,8,10,42,32,0.209739,0.311407,1302.0,445.9,1214.0,517.9,0.8610,1.0725,643.0,632.2
83,8,104,8,10,45,35,0.213779,0.290978,1220.0,432.1,1280.0,519.1,0.8325,0.9531,643.0,632.2
84,8,108,8,10,48,38,0.217561,0.266744,1274.0,428.6,1322.0,520.6,0.8233,0.9637,643.0,632.2
85,8,112,8,10,51,41,0.221124,0.257332,1366.0,440.8,1315.0,525.9,0.8381,1.0388,643.0,632.2
86,8,116,8,10,54,44,0.224467,0.254572,1320.0,444.8,1342.0,532.2,0.8359,0.9836,643.0,632.2
87,12,12,8,11,11,0,0.000000,1.000000,1093.0,573.7,1101.0,547.7,1.0476,0.9927,561.0,559.4
88,12,16,8,11,11,0,0.015463,1.000000,1092.0,571.2,1084.0,535.5,1.0666,1.0074,561.0,559.4
89,12,20,8,11,12,1,0.029971,0.995544,1062.0,509.9,1132.0,493.3,1.0337,0.9382,561.0,559.4
90,12,24,8,11,13,2,0.043586,0.912477,1063.0,487.9,1071.0,508.3,0.9598,0.9925,561.0,559.4
91,12,28,8,11,14,3,0.056385,0.908050,1064.0,485.7,1071.0,540.5,0.8987,0.9935,561.0,559.4
92,12,32,8,11,15,4,0.068876,0.904526,1105.0,470.4,1071.0,526.6,0.8932,1.0317,561.0,559.4
93,12,36,8,11,16,5,0.080286,0.856708,1176.0,479.3,1184.0,514.1,0.9323,0.9932,561.0,559.4
94,12,40,8,11,17,6,0.091024,0.855026,1185.0,472.3,1141.0,518.4,0.9110,1.0386,561.0,559.4
95,12,44,8,11,18,7,0.101122,0.704397,1234.0,528.3,1112.0,504.4,1.0473,1.1097,561.0,559.4
96,12,48,8,11,19,8,0.110628,0.702155,1253.0,541.8,1204.0,513.4,1.0554,1.0407,561.0,559.4
97,12,52,8,11,20,9,0.119556,0.698991,1224.0,527.4,1255.0,502.9,1.0488,0.9753,561.0,559.4
98,12,56,8,11,21,10,0.127982,0.672783,1329.0,523.1,1181.0,498.5,1.0492,1.1253,561.0,559.4
99,12,60,8,11,23,12,0.135880,0.596793,1426.0,530.1,1176.0,500.5,1.0593,1.2126,561.0,559.4
100,12,64,8,11,24,13,0.143282,0.593426,1320.0,523.9,1271.0,506.7,1.0340,1.0386,561.0,559.4
101,12,68,8,11,26,15,0.150250,0.559115,1362.0,502.0,1240.0,499.4,1.0053,1.0984,561.0,559.4
102,12,72,8,11,27,16,0.156778,0.555818,1266.0,502.4,1238.0,502.3,1.0001,1.0226,561.0,559.4
103,12,76,8,11,29,18,0.162879,0.476405,1239.0,418.8,1289.0,504.2,0.8306,0.9612,561.0,559.4
104,12,80,8,11,31,20,0.168942,0.452927,1252.0,406.8,1212.0,484.7,0.8394,1.0330,561.0,559.4
105,12,84,8,11,33,22,0.174434,0.402918,1247.0,435.7,1298.0,482.0,0.9040,0.9607,561.0,559.4
106,12,88,8,11,35,24,0.179599,0.383548,1203.0,418.5,1331.0,444.4,0.9417,0.9038,561.0,559.4
107,12,92,8,11,37,26,0.184449,0.357033,1283.0,432.3,1071.0,418.5,1.0329,1.1979,561.0,559.4
108,12,96,8,11,40,29,0.189004,0.342032,1324.0,437.1,1071.0,406.8,1.0746,1.2362,561.0,559.4
109,12,100,8,11,42,31,0.193296,0.340226,1254.0,434.8,1071.0,398.1,1.0924,1.1709,561.0,559.4
110,12,104,8,11,45,34,0.197336,0.302778,1286.0,446.7,1071.0,406.0,1.1004,1.2007,561.0,559.4
111,12,108,8,11,48,37,0.201118,0.282232,1363.0,438.2,1071.0,417.1,1.0505,1.2726,561.0,559.4
112,12,112,8,11,51,40,0.204681,0.272307,1383.0,429.2,1071.0,430.0,0.9981,1.2913,561.0,559.4
113,12,116,8,11,54,43,0.208024,0.259920,2064.0,484.3,1087.0,441.3,1.0975,1.8988,561.0,559.4
114,16,16,8,11,11,0,0.000000,1.000000,1086.0,570.7,1100.0,563.8,1.0123,0.9873,563.5,552.7
115,16,20,8,11,12,1,0.014508,0.995544,1077.0,515.9,1134.0,530.6,0.9724,0.9497,563.5,552.7
116,16,24,8,11,13,2,0.028123,0.912477,1077.0,489.8,1090.0,502.1,0.9756,0.9881,563.5,552.7
117,16,28,8,11,14,3,0.040922,0.908050,1188.0,489.1,1090.0,507.8,0.9631,1.0899,563.5,552.7
118,16,32,8,11,15,4,0.053413,0.904526,1148.0,484.7,1090.0,499.9,0.9696,1.0532,563.5,552.7
119,16,36,8,11,16,5,0.064823,0.856708,1097.0,467.9,1196.0,507.8,0.9214,0.9172,563.5,552.7
120,16,40,8,11,17,6,0.075561,0.855026,1233.0,503.1,1092.0,515.1,0.9766,1.1291,563.5,552.7
121,16,44,8,11,18,7,0.085659,0.704397,1238.0,510.6,1129.0,532.2,0.9594,1.0965,563.5,552.7
122,16,48,8,11,19,8,0.095165,0.702155,1373.0,526.0,1205.0,540.1,0.9739,1.1394,563.5,552.7
123,16,52,8,11,20,9,0.104093,0.698991,1307.0,511.6,1243.0,529.8,0.9656,1.0515,563.5,552.7
124,16,56,8,11,21,10,0.112519,0.672783,1330.0,518.7,1155.0,490.7,1.0572,1.1515,563.5,552.7
125,16,60,8,11,23,12,0.120417,0.596793,1412.0,525.9,1305.0,482.3,1.0902,1.0820,563.5,552.7
126,16,64,8,11,24,13,0.127819,0.593426,1408.0,535.2,1304.0,487.5,1.0979,1.0798,563.5,552.7
127,16,68,8,11,26,15,0.134787,0.559115,1462.0,522.9,1282.0,496.9,1.0523,1.1404,563.5,552.7
128,16,72,8,11,27,16,0.141315,0.555818,1359.0,505.3,1126.0,500.4,1.0098,1.2069,563.5,552.7
129,16,76,8,11,29,18,0.147416,0.476405,1336.0,491.3,1336.0,505.5,0.9719,1.0000,563.5,552.7
130,16,80,8,11,31,20,0.153479,0.452927,1591.0,485.2,1303.0,499.9,0.9707,1.2210,563.5,552.7
131,16,84,8,11,33,22,0.158971,0.402918,1551.0,496.1,1452.0,515.9,0.9615,1.0682,563.5,552.7
132,16,88,8,11,35,24,0.164136,0.383548,1591.0,471.6,1371.0,510.2,0.9244,1.1605,563.5,552.7
133,16,92,8,11,37,26,0.168986,0.357033,1583.0,447.0,1475.0,513.2,0.8711,1.0732,563.5,552.7
134,16,96,8,11,40,29,0.173541,0.342032,1305.0,418.0,1570.0,528.0,0.7918,0.8312,563.5,552.7
135,16,100,8,11,42,31,0.177833,0.340226,1299.0,413.1,1433.0,532.8,0.7754,0.9065,563.5,552.7
136,16,104,8,11,45,34,0.181873,0.302778,1397.0,400.0,1645.0,514.7,0.7772,0.8492,563.5,552.7
137,16,108,8,11,48,37,0.185655,0.282232,1308.0,402.4,1678.0,530.5,0.7586,0.7795,563.5,552.7
138,16,112,8,11,51,40,0.189218,0.272307,1426.0,395.7,1667.0,503.2,0.7863,0.8554,563.5,552.7
139,16,116,8,11,54,43,0.192561,0.259920,1437.0,400.2,1651.0,454.3,0.8808,0.8704,563.5,552.7
140,20,20,8,12,12,0,0.000000,1.000000,1231.0,649.0,1403.0,634.5,1.0230,0.8774,646.2,627.7
141,20,24,8,12,13,1,0.013615,0.914256,1192.0,542.0,1394.0,569.2,0.9522,0.8551,646.2,627.7
142,20,28,8,12,14,2,0.026414,0.908209,1170.0,546.4,1394.0,579.4,0.9431,0.8393,646.2,627.7
143,20,32,8,12,15,3,0.038905,0.906659,1294.0,565.2,1394.0,617.3,0.9157,0.9283,646.2,627.7
144,20,36,8,12,16,4,0.050315,0.864561,1358.0,546.9,1394.0,603.0,0.9070,0.9742,646.2,627.7
145,20,40,8,12,17,5,0.061053,0.855813,1294.0,533.9,1394.0,577.3,0.9248,0.9283,646.2,627.7
146,20,44,8,12,18,6,0.071151,0.713679,1261.0,539.2,1394.0,579.6,0.9304,0.9046,646.2,627.7
147,20,48,8,12,19,7,0.080657,0.711407,1399.0,567.2,1394.0,595.4,0.9526,1.0036,646.2,627.7
148,20,52,8,12,20,8,0.089585,0.706838,1435.0,570.3,1411.0,581.2,0.9811,1.0170,646.2,627.7
149,20,56,8,12,21,9,0.098011,0.678154,1431.0,573.6,1394.0,572.1,1.0026,1.0265,646.2,627.7
150,20,60,8,12,23,11,0.105909,0.606815,1509.0,557.7,1394.0,592.4,0.9414,1.0825,646.2,627.7
151,20,64,8,12,24,12,0.113311,0.604846,1557.0,580.8,1495.0,581.7,0.9984,1.0415,646.2,627.7
152,20,68,8,12,26,14,0.120279,0.583333,1650.0,587.6,1410.0,574.2,1.0232,1.1702,646.2,627.7
153,20,72,8,12,27,15,0.126807,0.580363,1646.0,612.7,1396.0,574.4,1.0667,1.1791,646.2,627.7
154,20,76,8,12,29,17,0.132908,0.486786,1689.0,607.9,1550.0,565.4,1.0750,1.0897,646.2,627.7
155,20,80,8,12,31,19,0.138971,0.475382,1825.0,605.6,1394.0,542.7,1.1159,1.3092,646.2,627.7
156,20,84,8,12,33,21,0.144463,0.437191,1828.0,545.6,1394.0,522.8,1.0436,1.3113,646.2,627.7
157,20,88,8,12,35,23,0.149628,0.412458,1888.0,542.2,1394.0,523.1,1.0364,1.3544,646.2,627.7
158,20,92,8,12,37,25,0.154478,0.382230,1878.0,545.6,1394.0,521.3,1.0468,1.3472,646.2,627.7
159,20,96,8,12,40,28,0.159033,0.366081,2033.0,519.9,1413.0,527.7,0.9853,1.4388,646.2,627.7
160,20,100,8,12,42,30,0.163325,0.364148,1710.0,479.4,1471.0,549.7,0.8721,1.1625,646.2,627.7
161,20,104,8,12,45,33,0.167365,0.326036,1384.0,445.2,1598.0,561.9,0.7924,0.8661,646.2,627.7
162,20,108,8,12,48,36,0.171147,0.304999,1479.0,450.7,1740.0,574.3,0.7847,0.8500,646.2,627.7
163,20,112,8,12,51,39,0.174710,0.294525,1512.0,429.6,1685.0,585.1,0.7342,0.8973,646.2,627.7
164,20,116,8,12,54,42,0.178053,0.286612,1535.0,427.7,1656.0,600.4,0.7123,0.9269,646.2,627.7
165,24,24,8,13,13,0,0.000000,1.000000,1264.0,571.0,1106.0,584.8,0.9764,1.1429,595.1,593.7
166,24,28,8,13,14,1,0.012799,0.988779,1166.0,510.0,1106.0,536.0,0.9515,1.0542,595.1,593.7
167,24,32,8,13,15,2,0.025290,0.985644,1198.0,502.4,1164.0,506.5,0.9921,1.0292,595.1,593.7
168,24,36,8,13,16,3,0.036700,0.938800,1189.0,515.4,1124.0,502.1,1.0265,1.0578,595.1,593.7
169,24,40,8,13,17,4,0.047438,0.932889,1208.0,506.5,1106.0,504.0,1.0051,1.0922,595.1,593.7
170,24,44,8,13,18,5,0.057536,0.863922,1293.0,522.0,1246.0,553.6,0.9431,1.0377,595.1,593.7
171,24,48,8,13,19,6,0.067042,0.861171,1390.0,549.7,1333.0,564.9,0.9732,1.0428,595.1,593.7
172,24,52,8,13,20,7,0.075970,0.860560,1352.0,521.2,1200.0,532.4,0.9788,1.1267,595.1,593.7
173,24,56,8,13,21,8,0.084396,0.824973,1281.0,510.7,1208.0,515.8,0.9900,1.0604,595.1,593.7
174,24,60,8,13,23,10,0.092294,0.700381,1340.0,498.2,1451.0,521.8,0.9549,0.9235,595.1,593.7
175,24,64,8,13,24,11,0.099696,0.697700,1378.0,507.9,1263.0,515.4,0.9853,1.0911,595.1,593.7
176,24,68,8,13,26,13,0.106664,0.693943,1484.0,527.0,1305.0,493.7,1.0674,1.1372,595.1,593.7
177,24,72,8,13,27,14,0.113192,0.691521,1433.0,530.9,1272.0,489.6,1.0843,1.1266,595.1,593.7
178,24,76,8,13,29,16,0.119293,0.599226,1441.0,537.5,1304.0,511.0,1.0519,1.1051,595.1,593.7
179,24,80,8,13,31,18,0.125356,0.564445,1405.0,533.0,1419.0,502.7,1.0603,0.9901,595.1,593.7
180,24,84,8,13,33,20,0.130848,0.494349,1627.0,559.4,1391.0,522.8,1.0700,1.1697,595.1,593.7
181,24,88,8,13,35,22,0.136013,0.476976,1296.0,396.4,1466.0,514.3,0.7708,0.8840,595.1,593.7
182,24,92,8,13,37,24,0.140863,0.423153,1309.0,401.0,1499.0,533.6,0.7515,0.8732,595.1,593.7
183,24,96,8,13,40,27,0.145418,0.402931,1446.0,410.0,1519.0,532.4,0.7700,0.9519,595.1,593.7
184,24,100,8,13,42,29,0.149710,0.400804,1376.0,404.6,1355.0,535.5,0.7556,1.0155,595.1,593.7
185,24,104,8,13,45,32,0.153750,0.355508,1463.0,412.3,1610.0,546.2,0.7549,0.9087,595.1,593.7
186,24,108,8,13,48,35,0.157532,0.313440,1376.0,415.5,1505.0,554.3,0.7495,0.9143,595.1,593.7
187,24,112,8,13,51,38,0.161095,0.303110,1552.0,424.9,1681.0,560.3,0.7583,0.9233,595.1,593.7
188,24,116,8,13,54,41,0.164438,0.288582,1504.0,422.6,1686.0,566.7,0.7457,0.8921,595.1,593.7
189,28,28,8,14,14,0,0.000000,1.000000,1305.0,619.2,1137.0,596.8,1.0376,1.1478,608.5,603.5
190,28,32,8,14,15,1,0.012491,0.996033,1265.0,560.2,1154.0,574.3,0.9753,1.0962,608.5,603.5
191,28,36,8,14,16,2,0.023901,0.935506,1265.0,528.7,1211.0,543.1,0.9735,1.0446,608.5,603.5
192,28,40,8,14,17,3,0.034639,0.935847,1266.0,546.9,1137.0,553.2,0.9885,1.1135,608.5,603.5
193,28,44,8,14,18,4,0.044737,0.889854,1258.0,533.9,1165.0,513.5,1.0398,1.0798,608.5,603.5
194,28,48,8,14,19,5,0.054243,0.887290,1348.0,549.8,1259.0,501.1,1.0971,1.0707,608.5,603.5
195,28,52,8,14,20,6,0.063171,0.877636,1343.0,568.3,1304.0,501.6,1.1331,1.0299,608.5,603.5
196,28,56,8,14,21,7,0.071597,0.829634,1382.0,585.7,1192.0,490.3,1.1946,1.1594,608.5,603.5
197,28,60,8,14,23,9,0.079495,0.730016,1406.0,587.5,1351.0,513.6,1.1441,1.0407,608.5,603.5
198,28,64,8,14,24,10,0.086897,0.726729,1486.0,588.0,1340.0,527.9,1.1139,1.1090,608.5,603.5
199,28,68,8,14,26,12,0.093865,0.699991,1594.0,585.4,1349.0,541.5,1.0810,1.1816,608.5,603.5
200,28,72,8,14,27,13,0.100393,0.697812,1609.0,578.3,1296.0,544.8,1.0613,1.2415,608.5,603.5
201,28,76,8,14,29,15,0.106494,0.627018,1472.0,571.7,1306.0,527.9,1.0830,1.1271,608.5,603.5
202,28,80,8,14,31,17,0.112557,0.609997,1511.0,557.6,1312.0,518.8,1.0749,1.1517,608.5,603.5
203,28,84,8,14,33,19,0.118049,0.514734,1471.0,543.5,1323.0,532.9,1.0198,1.1119,608.5,603.5
204,28,88,8,14,35,21,0.123214,0.500875,1517.0,554.5,1498.0,548.6,1.0107,1.0127,608.5,603.5
205,28,92,8,14,37,23,0.128064,0.460607,1473.0,470.6,1479.0,547.7,0.8592,0.9959,608.5,603.5
206,28,96,8,14,40,26,0.132619,0.438672,1405.0,441.9,1650.0,524.2,0.8431,0.8515,608.5,603.5
207,28,100,8,14,42,28,0.136911,0.436356,1409.0,439.9,1623.0,506.2,0.8690,0.8681,608.5,603.5
208,28,104,8,14,45,31,0.140951,0.381876,1464.0,448.6,1685.0,509.8,0.8799,0.8688,608.5,603.5
209,28,108,8,14,48,34,0.144733,0.349051,1498.0,434.6,1506.0,451.6,0.9624,0.9947,608.5,603.5
210,28,112,8,14,51,37,0.148296,0.338010,1523.0,438.7,1137.0,415.7,1.0555,1.3395,608.5,603.5
211,28,116,8,14,54,40,0.151639,0.312693,1478.0,448.4,1137.0,434.8,1.0314,1.2999,608.5,603.5
212,32,32,8,15,15,0,0.000000,1.000000,1434.0,672.5,1233.0,666.3,1.0093,1.1630,676.7,660.2
213,32,36,8,15,16,1,0.011410,0.938368,1363.0,587.0,1294.0,590.9,0.9934,1.0533,676.7,660.2
214,32,40,8,15,17,2,0.022148,0.935069,1359.0,567.3,1282.0,587.1,0.9664,1.0601,676.7,660.2
215,32,44,8,15,18,3,0.032246,0.892442,1365.0,560.8,1228.0,571.7,0.9809,1.1116,676.7,660.2
216,32,48,8,15,19,4,0.041752,0.890947,1363.0,549.6,1228.0,562.5,0.9771,1.1099,676.7,660.2
217,32,52,8,15,20,5,0.050680,0.885365,1367.0,537.7,1436.0,576.5,0.9328,0.9519,676.7,660.2
218,32,56,8,15,21,6,0.059106,0.830290,1446.0,581.7,1342.0,558.8,1.0409,1.0775,676.7,660.2
219,32,60,8,15,23,8,0.067004,0.736439,1428.0,583.9,1314.0,584.9,0.9982,1.0868,676.7,660.2
220,32,64,8,15,24,9,0.074406,0.733428,1569.0,605.8,1526.0,580.5,1.0437,1.0282,676.7,660.2
221,32,68,8,15,26,11,0.081374,0.705917,1584.0,586.9,1469.0,566.8,1.0355,1.0783,676.7,660.2
222,32,72,8,15,27,12,0.087902,0.703315,1656.0,608.4,1373.0,564.7,1.0773,1.2061,676.7,660.2
223,32,76,8,15,29,14,0.094003,0.631455,1737.0,629.4,1519.0,563.9,1.1163,1.1435,676.7,660.2
224,32,80,8,15,31,16,0.100066,0.622422,1774.0,623.5,1497.0,576.8,1.0810,1.1850,676.7,660.2
225,32,84,8,15,33,18,0.105558,0.536034,1807.0,646.1,1654.0,595.6,1.0847,1.0925,676.7,660.2
226,32,88,8,15,35,20,0.110723,0.509811,1869.0,637.8,1527.0,584.0,1.0921,1.2240,676.7,660.2
227,32,92,8,15,37,22,0.115573,0.476573,1932.0,641.4,1693.0,588.6,1.0898,1.1412,676.7,660.2
228,32,96,8,15,40,25,0.120128,0.463859,1636.0,464.4,1809.0,600.8,0.7729,0.9044,676.7,660.2
229,32,100,8,15,42,27,0.124420,0.461410,1582.0,472.7,1718.0,601.8,0.7854,0.9208,676.7,660.2
230,32,104,8,15,45,30,0.128460,0.405324,1724.0,479.0,1897.0,612.1,0.7825,0.9088,676.7,660.2
231,32,108,8,15,48,33,0.132242,0.369089,1684.0,476.5,2008.0,597.7,0.7972,0.8386,676.7,660.2
232,32,112,8,15,51,36,0.135805,0.357563,1626.0,480.1,1948.0,555.0,0.8651,0.8347,676.7,660.2
233,32,116,8,15,54,39,0.139148,0.333011,1749.0,478.4,1872.0,544.1,0.8794,0.9343,676.7,660.2
234,36,36,8,16,16,0,0.000000,1.000000,1464.0,751.9,1707.0,736.9,1.0204,0.8576,741.9,733.0
235,36,40,8,16,17,1,0.010738,0.991072,1456.0,634.7,1705.0,653.7,0.9711,0.8540,741.9,733.0
236,36,44,8,16,18,2,0.020836,0.877130,1452.0,583.9,1705.0,639.8,0.9125,0.8516,741.9,733.0
237,36,48,8,16,19,3,0.030342,0.875913,1504.0,611.7,1705.0,683.6,0.8948,0.8821,741.9,733.0
238,36,52,8,16,20,4,0.039270,0.874153,1486.0,603.6,1705.0,653.4,0.9239,0.8716,741.9,733.0
239,36,56,8,16,21,5,0.047696,0.874962,1471.0,604.8,1705.0,638.0,0.9481,0.8628,741.9,733.0
240,36,60,8,16,23,7,0.055594,0.794798,1584.0,616.6,1705.0,649.4,0.9494,0.9290,741.9,733.0
241,36,64,8,16,24,8,0.062996,0.794746,1640.0,639.7,1705.0,648.9,0.9858,0.9619,741.9,733.0
242,36,68,8,16,26,10,0.069964,0.781320,1566.0,595.4,1705.0,629.7,0.9455,0.9185,741.9,733.0
243,36,72,8,16,27,11,0.076492,0.777757,1687.0,602.4,1705.0,628.0,0.9591,0.9894,741.9,733.0
244,36,76,8,16,29,13,0.082593,0.652056,1687.0,634.4,1705.0,625.9,1.0136,0.9894,741.9,733.0
245,36,80,8,16,31,15,0.088656,0.641091,1623.0,621.6,1705.0,599.9,1.0362,0.9519,741.9,733.0
246,36,84,8,16,33,17,0.094148,0.590452,1611.0,620.3,1705.0,613.8,1.0106,0.9449,741.9,733.0
247,36,88,8,16,35,19,0.099313,0.568293,1601.0,627.6,1705.0,621.2,1.0102,0.9390,741.9,733.0
248,36,92,8,16,37,21,0.104163,0.496688,1966.0,698.9,1705.0,629.4,1.1104,1.1531,741.9,733.0
249,36,96,8,16,40,24,0.108718,0.485187,1913.0,659.1,1753.0,644.5,1.0227,1.0913,741.9,733.0
250,36,100,8,16,42,26,0.113010,0.482624,1604.0,477.9,1734.0,633.3,0.7547,0.9250,741.9,733.0
251,36,104,8,16,45,29,0.117050,0.436256,1748.0,499.4,1936.0,655.6,0.7617,0.9029,741.9,733.0
252,36,108,8,16,48,32,0.120832,0.384712,1696.0,504.3,2045.0,664.4,0.7591,0.8293,741.9,733.0
253,36,112,8,16,51,35,0.124395,0.371927,1751.0,500.5,2019.0,664.7,0.7530,0.8673,741.9,733.0
254,36,116,8,16,54,38,0.127738,0.352146,1656.0,506.0,2153.0,662.6,0.7637,0.7692,741.9,733.0
255,40,40,8,17,17,0,0.000000,1.000000,1568.0,761.4,1766.0,771.0,0.9875,0.8879,757.6,739.5
256,40,44,8,17,18,1,0.010098,0.880950,1500.0,597.6,1766.0,646.3,0.9247,0.8494,757.6,739.5
257,40,48,8,17,19,2,0.019604,0.878454,1546.0,597.1,1766.0,646.4,0.9238,0.8754,757.6,739.5
258,40,52,8,17,20,3,0.028532,0.876813,1531.0,596.7,1766.0,685.9,0.8700,0.8669,757.6,739.5
259,40,56,8,17,21,4,0.036958,0.883810,1513.0,604.2,1766.0,645.2,0.9365,0.8567,757.6,739.5
260,40,60,8,17,23,6,0.044856,0.814005,1529.0,602.0,1766.0,604.5,0.9958,0.8658,757.6,739.5
261,40,64,8,17,24,7,0.052258,0.807285,1638.0,652.1,1766.0,612.2,1.0652,0.9275,757.6,739.5
262,40,68,8,17,26,9,0.059226,0.780681,1815.0,658.2,1766.0,618.2,1.0648,1.0277,757.6,739.5
263,40,72,8,17,27,10,0.065754,0.778886,1623.0,633.9,1766.0,613.1,1.0340,0.9190,757.6,739.5
264,40,76,8,17,29,12,0.071855,0.673868,1637.0,606.9,1766.0,631.3,0.9612,0.9270,757.6,739.5
265,40,80,8,17,31,14,0.077918,0.651229,1739.0,622.6,1766.0,662.2,0.9402,0.9847,757.6,739.5
266,40,84,8,17,33,16,0.083410,0.598675,1668.0,590.4,1776.0,670.6,0.8805,0.9392,757.6,739.5
267,40,88,8,17,35,18,0.088575,0.592719,1685.0,599.2,1766.0,683.6,0.8765,0.9541,757.6,739.5
268,40,92,8,17,37,20,0.093425,0.527676,1806.0,622.9,1835.0,680.3,0.9156,0.9842,757.6,739.5
269,40,96,8,17,40,23,0.097980,0.503007,1713.0,637.6,2028.0,649.0,0.9824,0.8447,757.6,739.5
270,40,100,8,17,42,25,0.102272,0.500350,1804.0,646.3,1766.0,596.2,1.0841,1.0215,757.6,739.5
271,40,104,8,17,45,28,0.106312,0.457841,1583.0,485.2,1766.0,569.1,0.8526,0.8964,757.6,739.5
272,40,108,8,17,48,31,0.110094,0.413431,1665.0,490.0,1766.0,571.2,0.8579,0.9428,757.6,739.5
273,40,112,8,17,51,34,0.113657,0.398237,1750.0,500.9,1766.0,579.0,0.8651,0.9909,757.6,739.5
274,40,116,8,17,54,37,0.117000,0.371517,1697.0,498.2,1766.0,553.9,0.8995,0.9609,757.6,739.5
275,44,44,8,18,18,0,0.000000,1.000000,1697.0,709.7,1500.0,714.2,0.9936,1.1313,708.1,707.2
276,44,48,8,18,19,1,0.009506,0.997279,1506.0,606.0,1500.0,633.0,0.9574,1.0040,708.1,707.2
277,44,52,8,18,20,2,0.018434,0.988639,1479.0,572.4,1500.0,595.0,0.9620,0.9860,708.1,707.2
278,44,56,8,18,21,3,0.026860,0.931376,1436.0,574.5,1500.0,590.5,0.9729,0.9573,708.1,707.2
279,44,60,8,18,23,5,0.034758,0.886589,1547.0,600.3,1536.0,567.7,1.0575,1.0072,708.1,707.2
280,44,64,8,18,24,6,0.042160,0.881537,1585.0,621.3,1500.0,567.1,1.0956,1.0567,708.1,707.2
281,44,68,8,18,26,8,0.049128,0.853910,1666.0,614.8,1500.0,597.6,1.0288,1.1107,708.1,707.2
282,44,72,8,18,27,9,0.055656,0.853231,1685.0,585.6,1500.0,586.1,0.9992,1.1233,708.1,707.2
283,44,76,8,18,29,11,0.061757,0.788912,1697.0,590.8,1575.0,617.5,0.9568,1.0775,708.1,707.2
284,44,80,8,18,31,13,0.067820,0.776261,1570.0,565.2,1500.0,587.6,0.9617,1.0467,708.1,707.2
285,44,84,8,18,33,15,0.073312,0.671538,1539.0,565.0,1522.0,589.9,0.9579,1.0112,708.1,707.2
286,44,88,8,18,35,17,0.078477,0.658462,1684.0,580.1,1554.0,596.8,0.9719,1.0837,708.1,707.2
287,44,92,8,18,37,19,0.083327,0.610236,1701.0,611.3,1661.0,610.8,1.0009,1.0241,708.1,707.2
288,44,96,8,18,40,22,0.087882,0.591042,1787.0,581.8,1648.0,596.4,0.9755,1.0843,708.1,707.2
289,44,100,8,18,42,24,0.092174,0.588013,1747.0,566.0,1500.0,589.2,0.9606,1.1647,708.1,707.2
290,44,104,8,18,45,27,0.096214,0.506674,1719.0,597.4,1663.0,596.8,1.0010,1.0337,708.1,707.2
291,44,108,8,18,48,30,0.099996,0.457520,1792.0,509.4,1736.0,555.7,0.9167,1.0323,708.1,707.2
292,44,112,8,18,51,33,0.103559,0.440902,1712.0,501.0,1500.0,522.2,0.9593,1.1413,708.1,707.2
293,44,116,8,18,54,36,0.106902,0.405757,1782.0,525.2,1500.0,521.1,1.0080,1.1880,708.1,707.2
294,48,48,8,19,19,0,0.000000,1.000000,1838.0,774.9,1619.0,742.3,1.0439,1.1353,766.4,763.1
295,48,52,8,19,20,1,0.008928,0.991553,1754.0,651.1,1607.0,661.6,0.9842,1.0915,766.4,763.1
296,48,56,8,19,21,2,0.017354,0.931612,1738.0,616.9,1607.0,646.1,0.9548,1.0815,766.4,763.1
297,48,60,8,19,23,4,0.025252,0.887220,1721.0,618.7,1607.0,633.6,0.9764,1.0709,766.4,763.1
298,48,64,8,19,24,5,0.032654,0.885421,1708.0,604.5,1607.0,633.7,0.9539,1.0629,766.4,763.1
299,48,68,8,19,26,7,0.039622,0.859317,1745.0,616.0,1607.0,604.7,1.0188,1.0859,766.4,763.1
300,48,72,8,19,27,8,0.046150,0.853522,1794.0,628.5,1607.0,605.4,1.0382,1.1164,766.4,763.1
301,48,76,8,19,29,10,0.052251,0.791795,1778.0,623.3,1666.0,623.4,0.9998,1.0672,766.4,763.1
302,48,80,8,19,31,12,0.058314,0.780818,1780.0,620.4,1632.0,645.4,0.9612,1.0907,766.4,763.1
303,48,84,8,19,33,14,0.063806,0.676105,1826.0,660.4,1610.0,677.8,0.9743,1.1342,766.4,763.1
304,48,88,8,19,35,16,0.068971,0.661742,1783.0,644.7,1703.0,674.7,0.9556,1.0470,766.4,763.1
305,48,92,8,19,37,18,0.073821,0.615389,1828.0,664.3,1802.0,650.8,1.0208,1.0144,766.4,763.1
306,48,96,8,19,40,21,0.078376,0.602995,1848.0,658.1,1917.0,629.9,1.0448,0.9640,766.4,763.1
307,48,100,8,19,42,23,0.082668,0.600390,1872.0,665.3,1721.0,590.7,1.1262,1.0877,766.4,763.1
308,48,104,8,19,45,26,0.086708,0.513632,1906.0,672.6,1607.0,591.5,1.1370,1.1861,766.4,763.1
309,48,108,8,19,48,29,0.090490,0.472893,2053.0,706.9,1607.0,557.8,1.2673,1.2775,766.4,763.1
310,48,112,8,19,51,32,0.094053,0.460204,1959.0,566.7,1607.0,524.2,1.0811,1.2190,766.4,763.1
311,48,116,8,19,54,35,0.097396,0.425928,2001.0,584.5,1607.0,532.2,1.0983,1.2452,766.4,763.1
312,52,52,8,20,20,0,0.000000,1.000000,1525.0,684.0,1828.0,777.1,0.8802,0.8342,690.2,764.7
313,52,56,8,20,21,1,0.008426,0.936021,1514.0,606.6,1827.0,690.3,0.8787,0.8287,690.2,764.7
314,52,60,8,20,23,3,0.016324,0.891162,1538.0,585.8,1828.0,713.8,0.8206,0.8414,690.2,764.7
315,52,64,8,20,24,4,0.023726,0.890963,1710.0,591.5,1828.0,708.3,0.8351,0.9354,690.2,764.7
316,52,68,8,20,26,6,0.030694,0.871537,1676.0,600.6,1828.0,700.4,0.8575,0.9168,690.2,764.7
317,52,72,8,20,27,7,0.037222,0.866527,1769.0,598.5,1828.0,680.1,0.8801,0.9677,690.2,764.7
318,52,76,8,20,29,9,0.043323,0.800206,1790.0,625.9,1828.0,659.5,0.9491,0.9792,690.2,764.7
319,52,80,8,20,31,11,0.049386,0.780971,1763.0,614.0,1828.0,638.8,0.9612,0.9644,690.2,764.7
320,52,84,8,20,33,13,0.054878,0.694001,1842.0,625.2,1828.0,621.4,1.0062,1.0077,690.2,764.7
321,52,88,8,20,35,15,0.060043,0.673656,1930.0,629.8,1828.0,632.8,0.9952,1.0558,690.2,764.7
322,52,92,8,20,37,17,0.064893,0.619667,2100.0,638.6,1828.0,645.0,0.9902,1.1488,690.2,764.7
323,52,96,8,20,40,20,0.069448,0.614919,2130.0,639.6,1912.0,681.1,0.9391,1.1140,690.2,764.7
324,52,100,8,20,42,22,0.073740,0.612747,1866.0,553.8,1828.0,683.4,0.8104,1.0208,690.2,764.7
325,52,104,8,20,45,25,0.077780,0.541196,1786.0,557.8,1987.0,701.4,0.7953,0.8988,690.2,764.7
326,52,108,8,20,48,28,0.081562,0.484745,1897.0,560.9,2112.0,703.6,0.7971,0.8982,690.2,764.7
327,52,112,8,20,51,31,0.085125,0.476187,2022.0,566.3,2117.0,712.8,0.7944,0.9551,690.2,764.7
328,52,116,8,20,54,34,0.088468,0.448200,1985.0,481.2,2187.0,715.5,0.6726,0.9076,690.2,764.7
329,56,56,8,21,21,0,0.000000,1.000000,1577.0,702.9,1714.0,675.8,1.0400,0.9201,701.5,691.4
330,56,60,8,21,23,2,0.007898,0.901900,1603.0,568.0,1712.0,609.6,0.9316,0.9363,701.5,691.4
331,56,64,8,21,24,3,0.015300,0.898870,1702.0,590.8,1713.0,643.7,0.9178,0.9936,701.5,691.4
332,56,68,8,21,26,5,0.022268,0.896912,1696.0,597.9,1713.0,623.5,0.9588,0.9901,701.5,691.4
333,56,72,8,21,27,6,0.028796,0.894861,1661.0,612.2,1713.0,605.3,1.0115,0.9696,701.5,691.4
334,56,76,8,21,29,8,0.034897,0.848391,1766.0,653.0,1776.0,619.0,1.0548,0.9944,701.5,691.4
335,56,80,8,21,31,10,0.040960,0.818795,1806.0,637.3,1713.0,581.5,1.0960,1.0543,701.5,691.4
336,56,84,8,21,33,12,0.046452,0.753372,1944.0,629.4,1759.0,580.6,1.0841,1.1052,701.5,691.4
337,56,88,8,21,35,14,0.051617,0.743785,1857.0,651.1,1713.0,573.0,1.1365,1.0841,701.5,691.4
338,56,92,8,21,37,16,0.056467,0.650446,2060.0,649.5,1713.0,556.1,1.1679,1.2026,701.5,691.4
339,56,96,8,21,40,19,0.061022,0.636406,2104.0,664.5,1713.0,522.5,1.2717,1.2283,701.5,691.4
340,56,100,8,21,42,21,0.065314,0.634215,2103.0,665.2,1713.0,509.8,1.3046,1.2277,701.5,691.4
341,56,104,8,21,45,24,0.069354,0.592085,2210.0,674.8,1713.0,530.9,1.2711,1.2901,701.5,691.4
342,56,108,8,21,48,27,0.073136,0.515432,2342.0,678.4,1713.0,527.2,1.2867,1.3672,701.5,691.4
343,56,112,8,21,51,30,0.076699,0.504607,2479.0,648.1,1713.0,529.0,1.2251,1.4472,701.5,691.4
344,56,116,8,21,54,33,0.080042,0.473167,1940.0,594.7,1713.0,513.3,1.1586,1.1325,701.5,691.4
345,60,60,8,23,23,0,0.000000,1.000000,1626.0,735.2,1700.0,701.9,1.0474,0.9565,710.9,706.7
346,60,64,8,23,24,1,0.007402,0.993421,1582.0,633.0,1700.0,635.7,0.9958,0.9306,710.9,706.7
347,60,68,8,23,26,3,0.014370,0.951277,1658.0,613.7,1700.0,644.9,0.9516,0.9753,710.9,706.7
348,60,72,8,23,27,4,0.020898,0.950372,1768.0,602.2,1700.0,639.9,0.9411,1.0400,710.9,706.7
349,60,76,8,23,29,6,0.026999,0.897093,1742.0,639.0,1700.0,646.6,0.9882,1.0247,710.9,706.7
350,60,80,8,23,31,8,0.033062,0.880511,1891.0,646.8,1700.0,646.0,1.0012,1.1124,710.9,706.7
351,60,84,8,23,33,10,0.038554,0.823914,1918.0,638.8,1700.0,643.0,0.9934,1.1282,710.9,706.7
352,60,88,8,23,35,12,0.043719,0.804607,1982.0,651.9,1700.0,594.6,1.0963,1.1659,710.9,706.7
353,60,92,8,23,37,14,0.048569,0.759629,2007.0,662.5,1700.0,575.0,1.1522,1.1806,710.9,706.7
354,60,96,8,23,40,17,0.053124,0.739229,1977.0,633.0,1700.0,538.7,1.1750,1.1629,710.9,706.7
355,60,100,8,23,42,19,0.057416,0.736368,1942.0,598.0,1700.0,523.9,1.1414,1.1424,710.9,706.7
356,60,104,8,23,45,22,0.061456,0.648138,1896.0,568.7,1700.0,510.2,1.1147,1.1153,710.9,706.7
357,60,108,8,23,48,25,0.065238,0.600738,1899.0,585.9,1700.0,506.3,1.1572,1.1171,710.9,706.7
358,60,112,8,23,51,28,0.068801,0.581700,2045.0,588.1,1700.0,499.0,1.1785,1.2029,710.9,706.7
359,60,116,8,23,54,31,0.072144,0.522450,2081.0,601.4,1700.0,501.3,1.1997,1.2241,710.9,706.7
360,64,64,8,24,24,0,0.000000,1.000000,1603.0,719.2,1823.0,710.7,1.0119,0.8793,719.0,712.7
361,64,68,8,24,26,2,0.006968,0.955498,1665.0,591.2,1824.0,617.4,0.9575,0.9128,719.0,712.7
362,64,72,8,24,27,3,0.013496,0.951396,1723.0,591.0,1823.0,624.7,0.9461,0.9451,719.0,712.7
363,64,76,8,24,29,5,0.019597,0.899677,1733.0,634.0,1823.0,624.0,1.0161,0.9506,719.0,712.7
364,64,80,8,24,31,7,0.025660,0.889397,1766.0,631.2,1823.0,607.5,1.0390,0.9687,719.0,712.7
365,64,84,8,24,33,9,0.031152,0.836402,1793.0,649.5,1823.0,639.7,1.0153,0.9835,719.0,712.7
366,64,88,8,24,35,11,0.036317,0.810724,1911.0,636.3,1823.0,637.7,0.9978,1.0483,719.0,712.7
367,64,92,8,24,37,13,0.041167,0.759547,1944.0,644.7,1823.0,658.1,0.9797,1.0664,719.0,712.7
368,64,96,8,24,40,16,0.045722,0.751464,1826.0,657.6,1981.0,663.0,0.9919,0.9218,719.0,712.7
369,64,100,8,24,42,18,0.050014,0.748461,2013.0,666.5,1824.0,642.3,1.0377,1.1036,719.0,712.7
370,64,104,8,24,45,21,0.054054,0.652760,2089.0,676.6,1994.0,677.5,0.9986,1.0476,719.0,712.7
371,64,108,8,24,48,24,0.057836,0.614145,2194.0,689.6,2100.0,694.0,0.9937,1.0448,719.0,712.7
372,64,112,8,24,51,27,0.061399,0.603249,2259.0,688.5,2093.0,684.0,1.0066,1.0793,719.0,712.7
373,64,116,8,24,54,30,0.064742,0.545731,2204.0,695.9,2068.0,689.8,1.0088,1.0658,719.0,712.7
374,68,68,8,26,26,0,0.000000,1.000000,1745.0,666.7,1750.0,682.5,0.9769,0.9971,694.2,676.0
375,68,72,8,26,27,1,0.006528,0.994368,1854.0,610.3,1722.0,627.1,0.9732,1.0767,694.2,676.0
376,68,76,8,26,29,3,0.012629,0.921948,1786.0,599.4,1722.0,599.1,1.0004,1.0372,694.2,676.0
377,68,80,8,26,31,5,0.018692,0.906140,1828.0,611.0,1722.0,585.7,1.0432,1.0616,694.2,676.0
378,68,84,8,26,33,7,0.024184,0.874892,1888.0,628.3,1829.0,563.7,1.1146,1.0323,694.2,676.0
379,68,88,8,26,35,9,0.029349,0.850639,2034.0,648.1,1851.0,574.1,1.1290,1.0989,694.2,676.0
380,68,92,8,26,37,11,0.034199,0.798260,1848.0,630.8,1898.0,590.2,1.0688,0.9737,694.2,676.0
381,68,96,8,26,40,14,0.038754,0.783791,2022.0,651.5,2066.0,622.7,1.0463,0.9787,694.2,676.0
382,68,100,8,26,42,16,0.043046,0.781214,2055.0,656.1,2019.0,633.0,1.0366,1.0178,694.2,676.0
383,68,104,8,26,45,19,0.047086,0.710586,2208.0,678.9,2126.0,651.2,1.0425,1.0386,694.2,676.0
384,68,108,8,26,48,22,0.050868,0.634354,2274.0,694.0,2313.0,645.9,1.0745,0.9831,694.2,676.0
385,68,112,8,26,51,25,0.054431,0.629875,2199.0,693.2,2199.0,642.3,1.0793,1.0000,694.2,676.0
386,68,116,8,26,54,28,0.057774,0.598670,2456.0,706.6,2279.0,658.1,1.0736,1.0777,694.2,676.0
387,72,72,8,27,27,0,0.000000,1.000000,1775.0,707.4,1746.0,665.0,1.0637,1.0166,693.9,684.3
388,72,76,8,27,29,2,0.006101,0.927325,1868.0,633.9,1746.0,597.4,1.0611,1.0699,693.9,684.3
389,72,80,8,27,31,4,0.012164,0.907137,1934.0,640.0,1766.0,606.3,1.0555,1.0951,693.9,684.3
390,72,84,8,27,33,6,0.017656,0.879530,1956.0,651.9,1835.0,631.8,1.0318,1.0659,693.9,684.3
391,72,88,8,27,35,8,0.022821,0.860365,2003.0,673.1,1826.0,633.4,1.0626,1.0969,693.9,684.3
392,72,92,8,27,37,10,0.027671,0.809428,2089.0,655.7,1854.0,617.3,1.0623,1.1268,693.9,684.3
393,72,96,8,27,40,13,0.032226,0.787202,2267.0,654.1,2145.0,659.1,0.9924,1.0569,693.9,684.3
394,72,100,8,27,42,15,0.036518,0.785667,1937.0,623.8,2148.0,654.6,0.9529,0.9018,693.9,684.3
395,72,104,8,27,45,18,0.040558,0.721915,2134.0,598.1,2259.0,675.8,0.8849,0.9447,693.9,684.3
396,72,108,8,27,48,21,0.044340,0.640352,2086.0,574.8,2188.0,650.4,0.8838,0.9534,693.9,684.3
397,72,112,8,27,51,24,0.047903,0.632762,2032.0,584.2,2284.0,666.4,0.8767,0.8897,693.9,684.3
398,72,116,8,27,54,27,0.051246,0.606247,2250.0,599.6,2447.0,673.0,0.8910,0.9195,693.9,684.3
399,76,76,8,29,29,0,0.000000,1.000000,1760.0,732.7,1899.0,651.7,1.1242,0.9268,695.0,696.6
400,76,80,8,29,31,2,0.006063,0.965016,1925.0,662.7,1827.0,604.8,1.0958,1.0536,695.0,696.6
401,76,84,8,29,33,4,0.011555,0.910969,1903.0,674.7,1827.0,610.5,1.1051,1.0416,695.0,696.6
402,76,88,8,29,35,6,0.016720,0.906145,2028.0,686.7,1827.0,598.4,1.1476,1.1100,695.0,696.6
403,76,92,8,29,37,8,0.021570,0.866928,2105.0,715.1,1867.0,621.8,1.1501,1.1275,695.0,696.6
404,76,96,8,29,40,11,0.026125,0.841198,2094.0,694.5,1998.0,635.4,1.0929,1.0480,695.0,696.6
405,76,100,8,29,42,13,0.030417,0.836352,2279.0,672.1,2004.0,644.4,1.0429,1.1372,695.0,696.6
406,76,104,8,29,45,16,0.034457,0.785239,2087.0,639.4,2160.0,660.7,0.9678,0.9662,695.0,696.6
407,76,108,8,29,48,19,0.038239,0.722094,2044.0,615.2,2155.0,656.7,0.9368,0.9485,695.0,696.6
408,76,112,8,29,51,22,0.041802,0.707689,2148.0,605.7,2147.0,655.9,0.9234,1.0005,695.0,696.6
409,76,116,8,29,54,25,0.045145,0.646438,2296.0,624.4,2300.0,691.6,0.9028,0.9983,695.0,696.6
410,80,80,8,31,31,0,0.000000,1.000000,1936.0,659.1,1853.0,718.0,0.9180,1.0448,692.5,678.9
411,80,84,8,31,33,2,0.005492,0.941021,1986.0,584.7,1853.0,658.3,0.8882,1.0718,692.5,678.9
412,80,88,8,31,35,4,0.010657,0.915765,1986.0,602.5,1853.0,649.4,0.9277,1.0718,692.5,678.9
413,80,92,8,31,37,6,0.015507,0.889349,2102.0,610.9,1853.0,626.5,0.9750,1.1344,692.5,678.9
414,80,96,8,31,40,9,0.020062,0.877828,2036.0,645.9,1919.0,632.5,1.0212,1.0610,692.5,678.9
415,80,100,8,31,42,11,0.024354,0.873684,2209.0,644.2,1853.0,621.9,1.0358,1.1921,692.5,678.9
416,80,104,8,31,45,14,0.028394,0.813825,2185.0,659.2,1853.0,628.6,1.0487,1.1792,692.5,678.9
417,80,108,8,31,48,17,0.032176,0.762076,2207.0,639.6,1865.0,617.0,1.0366,1.1834,692.5,678.9
418,80,112,8,31,51,20,0.035739,0.755724,2407.0,672.3,1853.0,616.5,1.0905,1.2990,692.5,678.9
419,80,116,8,31,54,23,0.039082,0.692358,2312.0,675.1,1853.0,612.1,1.1029,1.2477,692.5,678.9
420,84,84,8,33,33,0,0.000000,1.000000,1972.0,674.2,1938.0,707.9,0.9524,1.0175,691.9,685.0
421,84,88,8,33,35,2,0.005165,0.969704,1968.0,603.8,1845.0,649.9,0.9291,1.0667,691.9,685.0
422,84,92,8,33,37,4,0.010015,0.917524,2125.0,626.8,1955.0,661.3,0.9477,1.0870,691.9,685.0
423,84,96,8,33,40,7,0.014570,0.911749,2012.0,635.4,1963.0,640.9,0.9914,1.0250,691.9,685.0
424,84,100,8,33,42,9,0.018862,0.910056,2191.0,635.6,1845.0,633.4,1.0034,1.1875,691.9,685.0
425,84,104,8,33,45,12,0.022902,0.861836,2260.0,656.2,1932.0,644.0,1.0189,1.1698,691.9,685.0
426,84,108,8,33,48,15,0.026684,0.805712,2227.0,659.3,1935.0,638.0,1.0333,1.1509,691.9,685.0
427,84,112,8,33,51,18,0.030247,0.797006,2378.0,677.2,1845.0,643.5,1.0523,1.2889,691.9,685.0
428,84,116,8,33,54,21,0.033590,0.764024,2386.0,686.4,1869.0,642.0,1.0692,1.2766,691.9,685.0
429,88,88,8,35,35,0,0.000000,1.000000,2169.0,700.1,1878.0,663.0,1.0560,1.1550,667.7,680.2
430,88,92,8,35,37,2,0.004850,0.949304,2110.0,620.3,1892.0,613.0,1.0119,1.1152,667.7,680.2
431,88,96,8,35,40,5,0.009405,0.922196,2066.0,627.5,2098.0,634.7,0.9887,0.9847,667.7,680.2
432,88,100,8,35,42,7,0.013697,0.921126,2076.0,629.1,2056.0,642.0,0.9800,1.0097,667.7,680.2
433,88,104,8,35,45,10,0.017737,0.887807,2257.0,655.6,2161.0,629.1,1.0420,1.0444,667.7,680.2
434,88,108,8,35,48,13,0.021519,0.837783,2124.0,655.0,2207.0,654.5,1.0008,0.9624,667.7,680.2
435,88,112,8,35,51,16,0.025082,0.819624,2164.0,658.5,2152.0,633.7,1.0390,1.0056,667.7,680.2
436,88,116,8,35,54,19,0.028425,0.785481,2325.0,677.5,2279.0,619.9,1.0929,1.0202,667.7,680.2
437,92,92,8,37,37,0,0.000000,1.000000,2194.0,691.4,1960.0,681.5,1.0145,1.1194,690.2,681.3
438,92,96,8,37,40,3,0.004555,0.972390,2044.0,633.0,1977.0,625.0,1.0128,1.0339,690.2,681.3
439,92,100,8,37,42,5,0.008847,0.968955,2088.0,630.1,1821.0,528.6,1.1920,1.1466,690.2,681.3
440,92,104,8,37,45,8,0.012887,0.915874,2282.0,674.2,1192.0,458.2,1.4716,1.9144,690.2,681.3
441,92,108,8,37,48,11,0.016669,0.878587,2342.0,671.9,1513.0,497.5,1.3506,1.5479,690.2,681.3
442,92,112,8,37,51,14,0.020232,0.859355,2241.0,669.1,1746.0,518.3,1.2909,1.2835,690.2,681.3
443,92,116,8,37,54,17,0.023575,0.823104,2382.0,698.7,1645.0,467.8,1.4935,1.4480,690.2,681.3
444,96,96,8,40,40,0,0.000000,1.000000,2340.0,713.1,2215.0,699.6,1.0193,1.0564,683.3,679.5
445,96,100,8,40,42,2,0.004292,0.995045,2316.0,663.3,2215.0,661.9,1.0020,1.0456,683.3,679.5
446,96,104,8,40,45,5,0.008332,0.929336,2310.0,681.1,2215.0,671.1,1.0149,1.0429,683.3,679.5
447,96,108,8,40,48,8,0.012114,0.896188,2285.0,692.2,2341.0,670.8,1.0319,0.9761,683.3,679.5
448,96,112,8,40,51,11,0.015677,0.887523,2290.0,698.9,2241.0,668.9,1.0448,1.0219,683.3,679.5
449,96,116,8,40,54,14,0.019020,0.854764,2318.0,712.2,2371.0,678.5,1.0497,0.9776,683.3,679.5
450,100,100,8,42,42,0,0.000000,1.000000,2395.0,744.6,2320.0,657.9,1.1318,1.0323,732.3,703.9
451,100,104,8,42,45,3,0.004040,0.933245,2360.0,692.6,2343.0,642.9,1.0773,1.0073,732.3,703.9
452,100,108,8,42,48,6,0.007822,0.897637,2487.0,680.7,2337.0,623.3,1.0921,1.0642,732.3,703.9
453,100,112,8,42,51,9,0.011385,0.891228,2612.0,707.2,2294.0,644.4,1.0975,1.1386,732.3,703.9
454,100,116,8,42,54,12,0.014728,0.862709,2586.0,703.3,2163.0,637.4,1.1034,1.1956,732.3,703.9
455,104,104,8,45,45,0,0.000000,1.000000,2503.0,649.5,2385.0,735.5,0.8832,1.0495,701.7,692.5
456,104,108,8,45,48,3,0.003782,0.938075,2383.0,552.0,2384.0,717.6,0.7691,0.9996,701.7,692.5
457,104,112,8,45,51,6,0.007345,0.924261,2317.0,537.3,2384.0,717.6,0.7488,0.9719,701.7,692.5
458,104,116,8,45,54,9,0.010688,0.900822,2518.0,557.7,2441.0,729.5,0.7645,1.0315,701.7,692.5
459,108,108,8,48,48,0,0.000000,1.000000,2444.0,688.3,2335.0,577.9,1.1910,1.0467,684.0,673.0
460,108,112,8,48,51,3,0.003563,0.981019,2430.0,659.3,2244.0,567.2,1.1624,1.0829,684.0,673.0
461,108,116,8,48,54,6,0.006906,0.940547,2589.0,627.0,2332.0,573.8,1.0927,1.1102,684.0,673.0
462,112,112,8,51,51,0,0.000000,1.000000,2555.0,706.5,2383.0,745.2,0.9481,1.0722,685.6,660.4
463,112,116,8,51,54,3,0.003343,0.966774,2569.0,683.5,2470.0,728.1,0.9387,1.0401,685.6,660.4
464,116,116,8,54,54,0,0.000000,1.000000,2529.0,745.7,2385.0,596.9,1.2493,1.0604,693.8,688.6
465,0,0,20,9,9,0,0.000000,1.000000,7002.0,4636.7,7681.0,4601.1,1.0077,0.9116,4636.1,4601.7
466,0,4,20,9,9,0,0.018604,1.000000,7374.0,4654.8,7680.0,4520.0,1.0298,0.9602,4636.1,4601.7
467,0,8,20,9,10,1,0.036097,0.987532,6744.0,3590.3,7681.0,3794.0,0.9463,0.8780,4636.1,4601.7
468,0,12,20,9,11,2,0.052540,0.957720,6722.0,3174.5,7681.0,3744.2,0.8478,0.8751,4636.1,4601.7
469,0,16,20,9,11,2,0.068003,0.957720,6650.0,3062.5,7681.0,3737.8,0.8193,0.8658,4636.1,4601.7
470,0,20,20,9,12,3,0.082511,0.954119,6742.0,3146.8,7681.0,4135.7,0.7609,0.8778,4636.1,4601.7
471,0,24,20,9,13,4,0.096126,0.801020,6889.0,3171.4,7681.0,3903.7,0.8124,0.8969,4636.1,4601.7
472,0,28,20,9,14,5,0.108925,0.797819,7266.0,3229.6,7681.0,3850.3,0.8388,0.9460,4636.1,4601.7
473,0,32,20,9,15,6,0.121416,0.794403,7384.0,3243.2,8455.0,4062.6,0.7983,0.8733,4636.1,4601.7
474,0,36,20,9,16,7,0.132826,0.734962,7275.0,3496.6,7681.0,3835.8,0.9116,0.9471,4636.1,4601.7
475,0,40,20,9,17,8,0.143564,0.731091,6965.0,3511.2,7681.0,3764.2,0.9328,0.9068,4636.1,4601.7
476,0,44,20,9,18,9,0.153662,0.609835,7020.0,3459.9,8290.0,3832.5,0.9028,0.8468,4636.1,4601.7
477,0,48,20,9,19,10,0.163168,0.607893,8011.0,3439.4,8733.0,3779.7,0.9100,0.9173,4636.1,4601.7
478,0,52,20,9,20,11,0.172096,0.604020,7748.0,3369.0,7681.0,3766.0,0.8946,1.0087,4636.1,4601.7
479,0,56,20,9,21,12,0.180522,0.556244,7786.0,3622.4,7681.0,3810.6,0.9506,1.0137,4636.1,4601.7
480,0,60,20,9,23,14,0.188420,0.479235,9038.0,3541.7,9744.0,3829.0,0.9250,0.9275,4636.1,4601.7
481,0,64,20,9,24,15,0.195822,0.475977,8668.0,3553.5,7681.0,3858.8,0.9209,1.1285,4636.1,4601.7
482,0,68,20,9,26,17,0.202790,0.446252,9567.0,3400.6,8697.0,3818.7,0.8905,1.1000,4636.1,4601.7
483,0,72,20,9,27,18,0.209318,0.443621,9548.0,3358.2,9386.0,3810.6,0.8813,1.0173,4636.1,4601.7
484,0,76,20,9,29,20,0.215419,0.385358,10323.0,3355.3,7946.0,3712.8,0.9037,1.2991,4636.1,4601.7
485,0,80,20,9,31,22,0.221482,0.365365,10467.0,3347.7,7681.0,3529.6,0.9485,1.3627,4636.1,4601.7
486,0,84,20,9,33,24,0.226974,0.324358,8756.0,3096.5,7681.0,3515.0,0.8809,1.1400,4636.1,4601.7
487,0,88,20,9,35,26,0.232139,0.308884,8471.0,3208.8,7681.0,3440.6,0.9326,1.1029,4636.1,4601.7
488,0,92,20,9,37,28,0.236989,0.295049,7983.0,3082.8,7681.0,3476.7,0.8867,1.0393,4636.1,4601.7
489,0,96,20,9,40,31,0.241544,0.281429,7645.0,3016.8,7681.0,3488.6,0.8648,0.9953,4636.1,4601.7
490,0,100,20,9,42,33,0.245836,0.279943,7492.0,2943.6,7681.0,3599.8,0.8177,0.9754,4636.1,4601.7
491,0,104,20,9,45,36,0.249876,0.255188,8725.0,3107.7,7681.0,3629.0,0.8564,1.1359,4636.1,4601.7
492,0,108,20,9,48,39,0.253658,0.245478,8374.0,3157.9,7681.0,3643.5,0.8667,1.0902,4636.1,4601.7
493,0,112,20,9,51,42,0.257221,0.236817,8033.0,3152.0,9332.0,3762.6,0.8377,0.8608,4636.1,4601.7
494,0,116,20,9,54,45,0.260564,0.235173,10233.0,3517.6,9443.0,3864.1,0.9103,1.0837,4636.1,4601.7
495,4,4,20,9,9,0,0.000000,1.000000,7379.0,4656.3,7613.0,4587.5,1.0150,0.9693,4622.3,4562.9
496,4,8,20,9,10,1,0.017493,0.987532,7115.0,3489.4,7585.0,3910.2,0.8924,0.9380,4622.3,4562.9
497,4,12,20,9,11,2,0.033936,0.957720,7113.0,3278.1,7585.0,3840.7,0.8535,0.9378,4622.3,4562.9
498,4,16,20,9,11,2,0.049399,0.957720,7112.0,3194.4,7585.0,3864.9,0.8265,0.9376,4622.3,4562.9
499,4,20,20,9,12,3,0.063907,0.954119,7107.0,3324.1,7585.0,4111.9,0.8084,0.9370,4622.3,4562.9
500,4,24,20,9,13,4,0.077522,0.801020,7107.0,3205.4,7585.0,3657.2,0.8765,0.9370,4622.3,4562.9
501,4,28,20,9,14,5,0.090321,0.797819,7234.0,3235.5,7585.0,3704.4,0.8734,0.9537,4622.3,4562.9
502,4,32,20,9,15,6,0.102812,0.794403,8374.0,3984.1,8445.0,3880.5,1.0267,0.9916,4622.3,4562.9
503,4,36,20,9,16,7,0.114222,0.734962,7126.0,3489.1,7585.0,3728.7,0.9357,0.9395,4622.3,4562.9
504,4,40,20,9,17,8,0.124960,0.731091,7289.0,3543.1,7585.0,3785.7,0.9359,0.9610,4622.3,4562.9
505,4,44,20,9,18,9,0.135058,0.609835,8757.0,3718.0,8865.0,3874.8,0.9595,0.9878,4622.3,4562.9
506,4,48,20,9,19,10,0.144564,0.607893,7254.0,3506.7,8789.0,3772.6,0.9295,0.8253,4622.3,4562.9
507,4,52,20,9,20,11,0.153492,0.604020,7698.0,3501.0,7585.0,3876.3,0.9032,1.0149,4622.3,4562.9
508,4,56,20,9,21,12,0.161918,0.556244,7935.0,3587.7,7585.0,3883.3,0.9239,1.0461,4622.3,4562.9
509,4,60,20,9,23,14,0.169816,0.479235,8924.0,3701.8,9563.0,3768.8,0.9822,0.9332,4622.3,4562.9
510,4,64,20,9,24,15,0.177218,0.475977,8706.0,3849.8,7585.0,3792.8,1.0150,1.1478,4622.3,4562.9
511,4,68,20,9,26,17,0.184186,0.446252,7788.0,3096.5,9001.0,3655.1,0.8472,0.8652,4622.3,4562.9
512,4,72,20,9,27,18,0.190714,0.443621,7601.0,3127.0,9587.0,3666.2,0.8529,0.7928,4622.3,4562.9
513,4,76,20,9,29,20,0.196815,0.385358,7822.0,3182.1,7883.0,3720.0,0.8554,0.9923,4622.3,4562.9
514,4,80,20,9,31,22,0.202878,0.365365,7189.0,3149.5,9130.0,3845.8,0.8189,0.7874,4622.3,4562.9
515,4,84,20,9,33,24,0.208370,0.324358,8143.0,3404.2,9182.0,4013.1,0.8483,0.8868,4622.3,4562.9
516,4,88,20,9,35,26,0.213535,0.308884,10001.0,3634.4,10630.0,3928.3,0.9252,0.9408,4622.3,4562.9
517,4,92,20,9,37,28,0.218385,0.295049,11029.0,3656.0,9422.0,3814.3,0.9585,1.1706,4622.3,4562.9
518,4,96,20,9,40,31,0.222940,0.281429,10876.0,3616.8,9515.0,3671.3,0.9852,1.1430,4622.3,4562.9
519,4,100,20,9,42,33,0.227232,0.279943,11562.0,3566.9,9018.0,3626.9,0.9835,1.2821,4622.3,4562.9
520,4,104,20,9,45,36,0.231272,0.255188,12423.0,3594.6,8729.0,3581.0,1.0038,1.4232,4622.3,4562.9
521,4,108,20,9,48,39,0.235054,0.245478,10940.0,3364.7,8469.0,3363.2,1.0004,1.2918,4622.3,4562.9
522,4,112,20,9,51,42,0.238617,0.236817,8155.0,2904.6,7585.0,3092.0,0.9394,1.0751,4622.3,4562.9
523,4,116,20,9,54,45,0.241960,0.235173,8799.0,2882.4,7585.0,3189.6,0.9037,1.1601,4622.3,4562.9
524,8,8,20,10,10,0,0.000000,1.000000,7437.0,4736.6,7984.0,4655.2,1.0175,0.9315,4753.6,4668.8
525,8,12,20,10,11,1,0.016443,0.962258,7219.0,3791.3,7964.0,3914.7,0.9685,0.9065,4753.6,4668.8
526,8,16,20,10,11,1,0.031906,0.962258,7122.0,3618.5,7964.0,3864.9,0.9362,0.8943,4753.6,4668.8
527,8,20,20,10,12,2,0.046414,0.959462,7064.0,3450.8,7964.0,3887.5,0.8877,0.8870,4753.6,4668.8
528,8,24,20,10,13,3,0.060029,0.825127,7655.0,3378.4,7964.0,4244.5,0.7959,0.9612,4753.6,4668.8
529,8,28,20,10,14,4,0.072828,0.810830,7245.0,3340.1,7964.0,4132.3,0.8083,0.9097,4753.6,4668.8
530,8,32,20,10,15,5,0.085319,0.807358,6996.0,3289.9,7964.0,4001.4,0.8222,0.8785,4753.6,4668.8
531,8,36,20,10,16,6,0.096729,0.762107,6919.0,2980.4,7964.0,3990.0,0.7470,0.8688,4753.6,4668.8
532,8,40,20,10,17,7,0.107467,0.756477,7411.0,3470.2,7964.0,4031.9,0.8607,0.9306,4753.6,4668.8
533,8,44,20,10,18,8,0.117565,0.622408,7462.0,3519.6,7964.0,3968.9,0.8868,0.9370,4753.6,4668.8
534,8,48,20,10,19,9,0.127071,0.620426,8084.0,3770.8,8808.0,3993.6,0.9442,0.9178,4753.6,4668.8
535,8,52,20,10,20,10,0.135999,0.618030,8146.0,3767.3,7964.0,4074.8,0.9246,1.0229,4753.6,4668.8
536,8,56,20,10,21,11,0.144425,0.616308,8000.0,3706.7,7964.0,3976.9,0.9320,1.0045,4753.6,4668.8
537,8,60,20,10,23,13,0.152323,0.504317,9133.0,3851.1,9095.0,4139.5,0.9303,1.0042,4753.6,4668.8
538,8,64,20,10,24,14,0.159725,0.500889,9982.0,3974.0,7964.0,4064.8,0.9777,1.2534,4753.6,4668.8
539,8,68,20,10,26,16,0.166693,0.489775,10584.0,3852.9,8045.0,4104.9,0.9386,1.3156,4753.6,4668.8
540,8,72,20,10,27,17,0.173221,0.486887,8294.0,3347.1,8690.0,4094.5,0.8174,0.9544,4753.6,4668.8
541,8,76,20,10,29,19,0.179322,0.432572,7608.0,3157.9,7964.0,4073.6,0.7752,0.9553,4753.6,4668.8
542,8,80,20,10,31,21,0.185385,0.405825,8443.0,3064.1,8270.0,3962.0,0.7734,1.0209,4753.6,4668.8
543,8,84,20,10,33,23,0.190877,0.373466,8024.0,3056.2,7988.0,3990.7,0.7658,1.0045,4753.6,4668.8
544,8,88,20,10,35,25,0.196042,0.356663,8693.0,3166.9,8626.0,3814.7,0.8302,1.0078,4753.6,4668.8
545,8,92,20,10,37,27,0.200892,0.327502,8228.0,3156.4,8286.0,3863.5,0.8170,0.9930,4753.6,4668.8
546,8,96,20,10,40,30,0.205447,0.313060,9029.0,3367.9,7964.0,3807.3,0.8846,1.1337,4753.6,4668.8
547,8,100,20,10,42,32,0.209739,0.311407,9453.0,3292.9,8261.0,3812.7,0.8637,1.1443,4753.6,4668.8
548,8,104,20,10,45,35,0.213779,0.290978,8957.0,3151.3,8273.0,3812.4,0.8266,1.0827,4753.6,4668.8
549,8,108,20,10,48,38,0.217561,0.266744,9252.0,3149.9,8055.0,3810.8,0.8266,1.1486,4753.6,4668.8
550,8,112,20,10,51,41,0.221124,0.257332,10009.0,3260.9,9156.0,3859.9,0.8448,1.0932,4753.6,4668.8
551,8,116,20,10,54,44,0.224467,0.254572,9903.0,3291.1,8856.0,3886.0,0.8469,1.1182,4753.6,4668.8
552,12,12,20,11,11,0,0.000000,1.000000,7572.0,4218.2,8604.0,4045.4,1.0427,0.8801,4150.1,4144.6
553,12,16,20,11,11,0,0.015463,1.000000,7683.0,4181.9,8720.0,3946.1,1.0597,0.8811,4150.1,4144.6
554,12,20,20,11,12,1,0.029971,0.995544,7268.0,3711.6,8604.0,3638.8,1.0200,0.8447,4150.1,4144.6
555,12,24,20,11,13,2,0.043586,0.912477,7795.0,3547.1,8604.0,3760.0,0.9434,0.9060,4150.1,4144.6
556,12,28,20,11,14,3,0.056385,0.908050,7989.0,3511.1,8604.0,4011.4,0.8753,0.9285,4150.1,4144.6
557,12,32,20,11,15,4,0.068876,0.904526,7815.0,3363.6,8634.0,3901.7,0.8621,0.9051,4150.1,4144.6
558,12,36,20,11,16,5,0.080286,0.856708,8529.0,3416.9,8604.0,3702.2,0.9229,0.9913,4150.1,4144.6
559,12,40,20,11,17,6,0.091024,0.855026,8454.0,3349.0,8604.0,3750.8,0.8929,0.9826,4150.1,4144.6
560,12,44,20,11,18,7,0.101122,0.704397,9356.0,3800.8,8604.0,3712.9,1.0237,1.0874,4150.1,4144.6
561,12,48,20,11,19,8,0.110628,0.702155,9608.0,3904.3,9647.0,3809.9,1.0248,0.9960,4150.1,4144.6
562,12,52,20,11,20,9,0.119556,0.698991,8952.0,3777.2,8604.0,3706.2,1.0192,1.0404,4150.1,4144.6
563,12,56,20,11,21,10,0.127982,0.672783,9391.0,3750.9,8604.0,3704.4,1.0126,1.0915,4150.1,4144.6
564,12,60,20,11,23,12,0.135880,0.596793,10846.0,3856.2,10515.0,3733.1,1.0330,1.0315,4150.1,4144.6
565,12,64,20,11,24,13,0.143282,0.593426,9591.0,3803.9,8604.0,3748.2,1.0149,1.1147,4150.1,4144.6
566,12,68,20,11,26,15,0.150250,0.559115,10258.0,3650.1,8604.0,3719.5,0.9813,1.1922,4150.1,4144.6
567,12,72,20,11,27,16,0.156778,0.555818,9535.0,3654.6,9376.0,3753.0,0.9738,1.0170,4150.1,4144.6
568,12,76,20,11,29,18,0.162879,0.476405,8788.0,3009.7,8604.0,3744.5,0.8038,1.0214,4150.1,4144.6
569,12,80,20,11,31,20,0.168942,0.452927,8875.0,2926.4,9950.0,3603.7,0.8120,0.8920,4150.1,4144.6
570,12,84,20,11,33,22,0.174434,0.402918,9543.0,3150.5,8950.0,3523.2,0.8942,1.0663,4150.1,4144.6
571,12,88,20,11,35,24,0.179599,0.383548,8712.0,3032.6,8604.0,3248.3,0.9336,1.0126,4150.1,4144.6
572,12,92,20,11,37,26,0.184449,0.357033,9649.0,3147.9,8604.0,3185.9,0.9881,1.1215,4150.1,4144.6
573,12,96,20,11,40,29,0.189004,0.342032,9804.0,3192.5,8604.0,3108.9,1.0269,1.1395,4150.1,4144.6
574,12,100,20,11,42,31,0.193296,0.340226,9319.0,3180.0,8604.0,3021.3,1.0525,1.0831,4150.1,4144.6
575,12,104,20,11,45,34,0.197336,0.302778,9686.0,3246.5,8604.0,3032.1,1.0707,1.1258,4150.1,4144.6
576,12,108,20,11,48,37,0.201118,0.282232,10415.0,3189.0,8604.0,3082.4,1.0346,1.2105,4150.1,4144.6
577,12,112,20,11,51,40,0.204681,0.272307,10121.0,3105.8,8604.0,3106.8,0.9997,1.1763,4150.1,4144.6
578,12,116,20,11,54,43,0.208024,0.259920,15289.0,3506.4,8604.0,3178.3,1.1032,1.7770,4150.1,4144.6
579,16,16,20,11,11,0,0.000000,1.000000,7656.0,4207.0,8725.0,4162.0,1.0108,0.8775,4156.9,4083.0
580,16,20,20,11,12,1,0.014508,0.995544,7533.0,3797.5,8686.0,3833.1,0.9907,0.8673,4156.9,4083.0
581,16,24,20,11,13,2,0.028123,0.912477,7533.0,3610.4,8688.0,3682.4,0.9804,0.8671,4156.9,4083.0
582,16,28,20,11,14,3,0.040922,0.908050,8983.0,3598.1,8688.0,3766.8,0.9552,1.0340,4156.9,4083.0
583,16,32,20,11,15,4,0.053413,0.904526,8606.0,3550.1,8688.0,3705.7,0.9580,0.9906,4156.9,4083.0
584,16,36,20,11,16,5,0.064823,0.856708,7980.0,3396.7,8688.0,3766.8,0.9017,0.9185,4156.9,4083.0
585,16,40,20,11,17,6,0.075561,0.855026,8822.0,3645.5,8688.0,3817.9,0.9548,1.0154,4156.9,4083.0
586,16,44,20,11,18,7,0.085659,0.704397,9245.0,3711.5,8688.0,3931.1,0.9441,1.0641,4156.9,4083.0
587,16,48,20,11,19,8,0.095165,0.702155,9897.0,3830.1,9642.0,3931.7,0.9741,1.0264,4156.9,4083.0
588,16,52,20,11,20,9,0.104093,0.698991,9152.0,3694.6,8688.0,3913.8,0.9440,1.0534,4156.9,4083.0
589,16,56,20,11,21,10,0.112519,0.672783,9410.0,3767.0,8688.0,3666.5,1.0274,1.0831,4156.9,4083.0
590,16,60,20,11,23,12,0.120417,0.596793,10530.0,3858.5,9701.0,3577.3,1.0786,1.0855,4156.9,4083.0
591,16,64,20,11,24,13,0.127819,0.593426,10252.0,3945.3,8688.0,3582.4,1.1013,1.1800,4156.9,4083.0
592,16,68,20,11,26,15,0.134787,0.559115,11004.0,3834.1,8688.0,3668.3,1.0452,1.2666,4156.9,4083.0
593,16,72,20,11,27,16,0.141315,0.555818,10169.0,3710.6,9251.0,3700.6,1.0027,1.0992,4156.9,4083.0
594,16,76,20,11,29,18,0.147416,0.476405,9765.0,3594.7,8688.0,3774.9,0.9523,1.1240,4156.9,4083.0
595,16,80,20,11,31,20,0.153479,0.452927,11459.0,3565.5,10022.0,3711.8,0.9606,1.1434,4156.9,4083.0
596,16,84,20,11,33,22,0.158971,0.402918,11613.0,3657.0,8688.0,3817.4,0.9580,1.3367,4156.9,4083.0
597,16,88,20,11,35,24,0.164136,0.383548,12062.0,3473.7,9419.0,3793.7,0.9156,1.2806,4156.9,4083.0
598,16,92,20,11,37,26,0.168986,0.357033,12001.0,3288.3,8812.0,3752.4,0.8763,1.3619,4156.9,4083.0
599,16,96,20,11,40,29,0.173541,0.342032,9709.0,3060.8,9886.0,3897.0,0.7854,0.9821,4156.9,4083.0
600,16,100,20,11,42,31,0.177833,0.340226,9104.0,3051.5,9644.0,3937.8,0.7749,0.9440,4156.9,4083.0
601,16,104,20,11,45,34,0.181873,0.302778,10163.0,2981.8,10818.0,3766.6,0.7916,0.9395,4156.9,4083.0
602,16,108,20,11,48,37,0.185655,0.282232,9286.0,2985.7,10920.0,3811.0,0.7834,0.8504,4156.9,4083.0
603,16,112,20,11,51,40,0.189218,0.272307,10420.0,2903.1,11156.0,3630.3,0.7997,0.9340,4156.9,4083.0
604,16,116,20,11,54,43,0.192561,0.259920,10813.0,2955.9,10930.0,3333.0,0.8869,0.9893,4156.9,4083.0
605,20,20,20,12,12,0,0.000000,1.000000,8816.0,4772.4,10013.0,4675.2,1.0208,0.8805,4783.5,4650.2
606,20,24,20,12,13,1,0.013615,0.914256,8177.0,3960.0,9936.0,4200.5,0.9427,0.8230,4783.5,4650.2
607,20,28,20,12,14,2,0.026414,0.908209,8528.0,3984.1,9937.0,4224.6,0.9431,0.8582,4783.5,4650.2
608,20,32,20,12,15,3,0.038905,0.906659,9331.0,4110.4,9937.0,4420.9,0.9298,0.9390,4783.5,4650.2
609,20,36,20,12,16,4,0.050315,0.864561,9750.0,3934.3,9937.0,4466.7,0.8808,0.9812,4783.5,4650.2
610,20,40,20,12,17,5,0.061053,0.855813,9190.0,3823.6,9937.0,4289.3,0.8914,0.9248,4783.5,4650.2
611,20,44,20,12,18,6,0.071151,0.713679,9721.0,3862.9,9937.0,4288.8,0.9007,0.9783,4783.5,4650.2
612,20,48,20,12,19,7,0.080657,0.711407,10063.0,4071.6,9937.0,4382.9,0.9290,1.0127,4783.5,4650.2
613,20,52,20,12,20,8,0.089585,0.706838,10361.0,4074.1,10124.0,4311.5,0.9449,1.0234,4783.5,4650.2
614,20,56,20,12,21,9,0.098011,0.678154,9970.0,4078.8,9937.0,4262.5,0.9569,1.0033,4783.5,4650.2
615,20,60,20,12,23,11,0.105909,0.606815,11247.0,4016.0,9937.0,4399.9,0.9127,1.1318,4783.5,4650.2
616,20,64,20,12,24,12,0.113311,0.604846,11656.0,4182.8,10123.0,4268.9,0.9798,1.1514,4783.5,4650.2
617,20,68,20,12,26,14,0.120279,0.583333,12045.0,4239.0,9937.0,4245.4,0.9985,1.2121,4783.5,4650.2
618,20,72,20,12,27,15,0.126807,0.580363,12376.0,4406.2,9937.0,4249.8,1.0368,1.2454,4783.5,4650.2
619,20,76,20,12,29,17,0.132908,0.486786,12622.0,4381.5,9937.0,4160.9,1.0530,1.2702,4783.5,4650.2
620,20,80,20,12,31,19,0.138971,0.475382,13107.0,4369.4,9937.0,4047.4,1.0796,1.3190,4783.5,4650.2
621,20,84,20,12,33,21,0.144463,0.437191,13634.0,3990.5,9937.0,3958.8,1.0080,1.3720,4783.5,4650.2
622,20,88,20,12,35,23,0.149628,0.412458,13772.0,3958.7,9937.0,3972.4,0.9965,1.3859,4783.5,4650.2
623,20,92,20,12,37,25,0.154478,0.382230,13543.0,3969.2,9937.0,3920.8,1.0124,1.3629,4783.5,4650.2
624,20,96,20,12,40,28,0.159033,0.366081,14724.0,3764.8,9937.0,3913.4,0.9620,1.4817,4783.5,4650.2
625,20,100,20,12,42,30,0.163325,0.364148,12190.0,3460.9,9937.0,4058.9,0.8527,1.2267,4783.5,4650.2
626,20,104,20,12,45,33,0.167365,0.326036,9757.0,3221.2,10383.0,4121.9,0.7815,0.9397,4783.5,4650.2
627,20,108,20,12,48,36,0.171147,0.304999,10447.0,3315.4,11545.0,4201.3,0.7891,0.9049,4783.5,4650.2
628,20,112,20,12,51,39,0.174710,0.294525,10872.0,3133.0,10751.0,4283.1,0.7315,1.0113,4783.5,4650.2
629,20,116,20,12,54,42,0.178053,0.286612,11265.0,3081.5,10740.0,4402.3,0.7000,1.0489,4783.5,4650.2
630,24,24,20,13,13,0,0.000000,1.000000,9261.0,4233.6,8959.0,4271.0,0.9912,1.0337,4399.2,4391.0
631,24,28,20,13,14,1,0.012799,0.988779,8767.0,3770.6,8581.0,3927.1,0.9602,1.0217,4399.2,4391.0
632,24,32,20,13,15,2,0.025290,0.985644,8925.0,3700.7,9092.0,3735.5,0.9907,0.9816,4399.2,4391.0
633,24,36,20,13,16,3,0.036700,0.938800,8941.0,3774.0,8531.0,3711.4,1.0168,1.0481,4399.2,4391.0
634,24,40,20,13,17,4,0.047438,0.932889,8951.0,3677.0,8531.0,3730.0,0.9858,1.0492,4399.2,4391.0
635,24,44,20,13,18,5,0.057536,0.863922,9738.0,3781.6,9716.0,4096.5,0.9231,1.0023,4399.2,4391.0
636,24,48,20,13,19,6,0.067042,0.861171,9948.0,3976.8,10526.0,4169.1,0.9539,0.9451,4399.2,4391.0
637,24,52,20,13,20,7,0.075970,0.860560,9766.0,3753.2,8531.0,3881.1,0.9670,1.1448,4399.2,4391.0
638,24,56,20,13,21,8,0.084396,0.824973,9311.0,3741.4,8531.0,3716.8,1.0066,1.0914,4399.2,4391.0
639,24,60,20,13,23,10,0.092294,0.700381,9938.0,3635.4,10184.0,3743.9,0.9710,0.9758,4399.2,4391.0
640,24,64,20,13,24,11,0.099696,0.697701,10091.0,3716.0,8531.0,3785.7,0.9816,1.1829,4399.2,4391.0
641,24,68,20,13,26,13,0.106664,0.693943,10837.0,3888.1,9164.0,3632.7,1.0703,1.1826,4399.2,4391.0
642,24,72,20,13,27,14,0.113192,0.691521,10549.0,3906.3,9821.0,3600.4,1.0850,1.0741,4399.2,4391.0
643,24,76,20,13,29,16,0.119293,0.599226,10768.0,3979.8,9576.0,3755.6,1.0597,1.1245,4399.2,4391.0
644,24,80,20,13,31,18,0.125356,0.564445,10082.0,3934.2,10224.0,3687.6,1.0669,0.9861,4399.2,4391.0
645,24,84,20,13,33,20,0.130848,0.494349,11907.0,4130.2,9833.0,3847.6,1.0734,1.2109,4399.2,4391.0
646,24,88,20,13,35,22,0.136013,0.476976,9343.0,2877.6,10853.0,3781.8,0.7609,0.8609,4399.2,4391.0
647,24,92,20,13,37,24,0.140863,0.423153,9806.0,2941.2,10247.0,3916.8,0.7509,0.9570,4399.2,4391.0
648,24,96,20,13,40,27,0.145418,0.402931,10482.0,3023.4,9881.0,3915.5,0.7722,1.0608,4399.2,4391.0
649,24,100,20,13,42,29,0.149710,0.400804,9920.0,2978.1,10742.0,3930.3,0.7577,0.9235,4399.2,4391.0
650,24,104,20,13,45,32,0.153750,0.355508,10828.0,3046.1,11131.0,4004.9,0.7606,0.9728,4399.2,4391.0
651,24,108,20,13,48,35,0.157532,0.313440,10221.0,3095.8,11234.0,4077.4,0.7593,0.9098,4399.2,4391.0
652,24,112,20,13,51,38,0.161095,0.303110,11265.0,3178.2,12676.0,4110.2,0.7732,0.8887,4399.2,4391.0
653,24,116,20,13,54,41,0.164438,0.288582,11292.0,3144.7,12221.0,4162.7,0.7554,0.9240,4399.2,4391.0
654,28,28,20,14,14,0,0.000000,1.000000,9540.0,4584.0,9189.0,4407.1,1.0401,1.0382,4498.5,4464.9
655,28,32,20,14,15,1,0.012491,0.996033,9309.0,4143.2,9277.0,4230.1,0.9794,1.0034,4498.5,4464.9
656,28,36,20,14,16,2,0.023901,0.935506,9271.0,3904.0,9185.0,3942.3,0.9903,1.0094,4498.5,4464.9
657,28,40,20,14,17,3,0.034639,0.935847,9305.0,4031.6,9185.0,4031.2,1.0001,1.0131,4498.5,4464.9
658,28,44,20,14,18,4,0.044737,0.889854,9357.0,3883.3,9185.0,3721.8,1.0434,1.0187,4498.5,4464.9
659,28,48,20,14,19,5,0.054243,0.887290,9816.0,3987.9,9612.0,3606.1,1.1059,1.0212,4498.5,4464.9
660,28,52,20,14,20,6,0.063171,0.877636,9599.0,4139.7,9185.0,3728.0,1.1104,1.0451,4498.5,4464.9
661,28,56,20,14,21,7,0.071597,0.829634,9923.0,4253.2,9185.0,3631.8,1.1711,1.0803,4498.5,4464.9
662,28,60,20,14,23,9,0.079495,0.730016,10789.0,4328.4,10348.0,3774.9,1.1466,1.0426,4498.5,4464.9
663,28,64,20,14,24,10,0.086897,0.726729,10929.0,4322.2,9185.0,3922.9,1.1018,1.1899,4498.5,4464.9
664,28,68,20,14,26,12,0.093865,0.699991,11790.0,4308.7,9185.0,4009.9,1.0745,1.2836,4498.5,4464.9
665,28,72,20,14,27,13,0.100393,0.697812,11745.0,4261.2,9391.0,4025.7,1.0585,1.2507,4498.5,4464.9
666,28,76,20,14,29,15,0.106494,0.627018,11097.0,4221.8,9185.0,3904.7,1.0812,1.2082,4498.5,4464.9
667,28,80,20,14,31,17,0.112557,0.609997,10973.0,4124.4,10555.0,3840.5,1.0739,1.0396,4498.5,4464.9
668,28,84,20,14,33,19,0.118049,0.514734,10926.0,4011.3,9319.0,3904.5,1.0273,1.1724,4498.5,4464.9
669,28,88,20,14,35,21,0.123214,0.500875,11079.0,4074.7,10614.0,4019.8,1.0136,1.0438,4498.5,4464.9
670,28,92,20,14,37,23,0.128064,0.460607,10648.0,3462.1,10054.0,4008.8,0.8636,1.0591,4498.5,4464.9
671,28,96,20,14,40,26,0.132619,0.438672,10484.0,3239.0,10487.0,3834.2,0.8448,0.9997,4498.5,4464.9
672,28,100,20,14,42,28,0.136911,0.436356,10179.0,3242.4,10517.0,3637.1,0.8915,0.9679,4498.5,4464.9
673,28,104,20,14,45,31,0.140951,0.381876,10741.0,3325.7,11490.0,3656.6,0.9095,0.9348,4498.5,4464.9
674,28,108,20,14,48,34,0.144733,0.349051,10915.0,3220.0,10224.0,3319.5,0.9700,1.0676,4498.5,4464.9
675,28,112,20,14,51,37,0.148296,0.338010,11333.0,3271.7,9185.0,3014.4,1.0854,1.2339,4498.5,4464.9
676,28,116,20,14,54,40,0.151639,0.312693,10774.0,3351.1,9185.0,3160.4,1.0603,1.1730,4498.5,4464.9
677,32,32,20,15,15,0,0.000000,1.000000,10627.0,4977.0,10206.0,4923.0,1.0110,1.0413,4998.6,4891.1
678,32,36,20,15,16,1,0.011410,0.938368,9813.0,4331.8,10203.0,4258.4,1.0172,0.9618,4998.6,4891.1
679,32,40,20,15,17,2,0.022148,0.935069,9968.0,4171.9,10206.0,4255.6,0.9803,0.9767,4998.6,4891.1
680,32,44,20,15,18,3,0.032246,0.892442,10007.0,4115.1,10206.0,4157.7,0.9898,0.9805,4998.6,4891.1
681,32,48,20,15,19,4,0.041752,0.890947,10019.0,3994.5,10206.0,4022.7,0.9930,0.9817,4998.6,4891.1
682,32,52,20,15,20,5,0.050680,0.885365,9877.0,3908.2,10206.0,4290.1,0.9110,0.9678,4998.6,4891.1
683,32,56,20,15,21,6,0.059106,0.830290,10355.0,4232.4,10206.0,4153.7,1.0190,1.0146,4998.6,4891.1
684,32,60,20,15,23,8,0.067004,0.736439,10551.0,4262.5,10291.0,4314.2,0.9880,1.0253,4998.6,4891.1
685,32,64,20,15,24,9,0.074406,0.733428,11442.0,4439.1,10206.0,4339.2,1.0230,1.1211,4998.6,4891.1
686,32,68,20,15,26,11,0.081374,0.705917,11819.0,4312.0,10206.0,4217.1,1.0225,1.1580,4998.6,4891.1
687,32,72,20,15,27,12,0.087902,0.703315,11973.0,4479.9,10206.0,4194.2,1.0681,1.1731,4998.6,4891.1
688,32,76,20,15,29,14,0.094003,0.631455,12802.0,4657.8,10206.0,4125.4,1.1291,1.2544,4998.6,4891.1
689,32,80,20,15,31,16,0.100066,0.622422,12769.0,4621.3,10206.0,4225.0,1.0938,1.2511,4998.6,4891.1
690,32,84,20,15,33,18,0.105558,0.536034,13032.0,4805.0,10206.0,4408.5,1.0899,1.2769,4998.6,4891.1
691,32,88,20,15,35,20,0.110723,0.509811,13548.0,4746.9,10206.0,4311.0,1.1011,1.3275,4998.6,4891.1
692,32,92,20,15,37,22,0.115573,0.476573,13960.0,4773.9,10206.0,4331.9,1.1020,1.3678,4998.6,4891.1
693,32,96,20,15,40,25,0.120128,0.463859,12067.0,3423.4,11856.0,4382.0,0.7812,1.0178,4998.6,4891.1
694,32,100,20,15,42,27,0.124420,0.461410,11362.0,3493.6,10950.0,4388.5,0.7961,1.0376,4998.6,4891.1
695,32,104,20,15,45,30,0.128460,0.405324,12798.0,3547.7,13057.0,4456.9,0.7960,0.9802,4998.6,4891.1
696,32,108,20,15,48,33,0.132242,0.369089,12305.0,3537.1,13698.0,4355.7,0.8121,0.8983,4998.6,4891.1
697,32,112,20,15,51,36,0.135805,0.357563,11960.0,3570.9,13313.0,3983.5,0.8964,0.8984,4998.6,4891.1
698,32,116,20,15,54,39,0.139148,0.333011,12907.0,3577.2,12614.0,3916.7,0.9133,1.0232,4998.6,4891.1
699,36,36,20,16,16,0,0.000000,1.000000,10787.0,5550.0,12001.0,5486.6,1.0115,0.8988,5481.6,5422.2
700,36,40,20,16,17,1,0.010738,0.991072,10283.0,4668.3,11833.0,4885.4,0.9556,0.8690,5481.6,5422.2
701,36,44,20,16,18,2,0.020836,0.877130,10654.0,4283.0,11834.0,4720.8,0.9073,0.9003,5481.6,5422.2
702,36,48,20,16,19,3,0.030342,0.875913,11178.0,4443.7,11834.0,5031.3,0.8832,0.9446,5481.6,5422.2
703,36,52,20,16,20,4,0.039270,0.874153,10806.0,4358.2,11834.0,4871.4,0.8946,0.9131,5481.6,5422.2
704,36,56,20,16,21,5,0.047696,0.874962,10943.0,4360.6,11834.0,4765.6,0.9150,0.9247,5481.6,5422.2
705,36,60,20,16,23,7,0.055594,0.794798,11693.0,4483.3,11834.0,4867.1,0.9211,0.9881,5481.6,5422.2
706,36,64,20,16,24,8,0.062996,0.794746,11904.0,4669.7,11834.0,4775.1,0.9779,1.0059,5481.6,5422.2
707,36,68,20,16,26,10,0.069964,0.781320,11635.0,4325.8,11834.0,4661.7,0.9279,0.9832,5481.6,5422.2
708,36,72,20,16,27,11,0.076492,0.777757,12259.0,4384.3,11834.0,4654.1,0.9420,1.0359,5481.6,5422.2
709,36,76,20,16,29,13,0.082593,0.652056,11982.0,4641.6,11834.0,4625.2,1.0035,1.0125,5481.6,5422.2
710,36,80,20,16,31,15,0.088656,0.641091,12048.0,4564.2,11834.0,4494.3,1.0155,1.0181,5481.6,5422.2
711,36,84,20,16,33,17,0.094148,0.590452,12376.0,4557.6,11834.0,4551.0,1.0014,1.0458,5481.6,5422.2
712,36,88,20,16,35,19,0.099313,0.568293,11705.0,4618.1,11834.0,4601.6,1.0036,0.9891,5481.6,5422.2
713,36,92,20,16,37,21,0.104163,0.496688,14404.0,5142.3,11834.0,4631.9,1.1102,1.2172,5481.6,5422.2
714,36,96,20,16,40,24,0.108718,0.485187,14186.0,4842.9,11834.0,4762.6,1.0169,1.1987,5481.6,5422.2
715,36,100,20,16,42,26,0.113010,0.482624,11547.0,3496.3,11834.0,4690.7,0.7454,0.9757,5481.6,5422.2
716,36,104,20,16,45,29,0.117050,0.436256,12821.0,3640.4,12884.0,4871.3,0.7473,0.9951,5481.6,5422.2
717,36,108,20,16,48,32,0.120832,0.384712,12136.0,3684.8,13733.0,4919.1,0.7491,0.8837,5481.6,5422.2
718,36,112,20,16,51,35,0.124395,0.371927,12923.0,3652.8,13346.0,4923.7,0.7419,0.9683,5481.6,5422.2
719,36,116,20,16,54,38,0.127738,0.352146,12382.0,3692.0,14978.0,4882.1,0.7562,0.8267,5481.6,5422.2
720,40,40,20,17,17,0,0.000000,1.000000,11145.0,5655.7,12033.0,5609.9,1.0082,0.9262,5594.8,5481.1
721,40,44,20,17,18,1,0.010098,0.880950,10635.0,4429.4,11881.0,4673.6,0.9477,0.8951,5594.8,5481.1
722,40,48,20,17,19,2,0.019604,0.878454,11513.0,4401.7,11881.0,4730.1,0.9306,0.9690,5594.8,5481.1
723,40,52,20,17,20,3,0.028532,0.876813,10843.0,4367.1,11881.0,5062.4,0.8627,0.9126,5594.8,5481.1
724,40,56,20,17,21,4,0.036958,0.883810,10755.0,4395.1,11881.0,4776.6,0.9201,0.9052,5594.8,5481.1
725,40,60,20,17,23,6,0.044856,0.814005,11519.0,4438.0,11881.0,4519.5,0.9820,0.9695,5594.8,5481.1
726,40,64,20,17,24,7,0.052258,0.807285,12158.0,4784.8,11881.0,4518.9,1.0588,1.0233,5594.8,5481.1
727,40,68,20,17,26,9,0.059226,0.780681,13442.0,4802.5,11881.0,4577.0,1.0493,1.1314,5594.8,5481.1
728,40,72,20,17,27,10,0.065754,0.778886,11672.0,4644.7,11881.0,4562.5,1.0180,0.9824,5594.8,5481.1
729,40,76,20,17,29,12,0.071855,0.673868,11889.0,4457.3,11881.0,4658.8,0.9567,1.0007,5594.8,5481.1
730,40,80,20,17,31,14,0.077918,0.651229,13030.0,4600.7,11881.0,4886.7,0.9415,1.0967,5594.8,5481.1
731,40,84,20,17,33,16,0.083410,0.598675,12218.0,4365.7,11881.0,4894.5,0.8920,1.0284,5594.8,5481.1
732,40,88,20,17,35,18,0.088575,0.592719,12730.0,4428.6,11881.0,4958.2,0.8932,1.0715,5594.8,5481.1
733,40,92,20,17,37,20,0.093425,0.527675,13272.0,4608.3,11881.0,4966.3,0.9279,1.1171,5594.8,5481.1
734,40,96,20,17,40,23,0.097980,0.503007,13038.0,4726.9,14069.0,4833.4,0.9780,0.9267,5594.8,5481.1
735,40,100,20,17,42,25,0.102272,0.500350,13394.0,4766.9,11881.0,4484.9,1.0629,1.1273,5594.8,5481.1
736,40,104,20,17,45,28,0.106312,0.457841,11292.0,3585.4,11881.0,4199.7,0.8537,0.9504,5594.8,5481.1
737,40,108,20,17,48,31,0.110094,0.413431,11941.0,3622.9,11881.0,4163.3,0.8702,1.0051,5594.8,5481.1
738,40,112,20,17,51,34,0.113657,0.398237,12763.0,3696.8,11881.0,4299.0,0.8599,1.0742,5594.8,5481.1
739,40,116,20,17,54,37,0.117000,0.371517,12433.0,3673.0,11881.0,4196.2,0.8753,1.0465,5594.8,5481.1
740,44,44,20,18,18,0,0.000000,1.000000,12459.0,5245.1,11821.0,5304.1,0.9889,1.0540,5232.1,5211.5
741,44,48,20,18,19,1,0.009506,0.997279,11538.0,4474.0,11020.0,4727.3,0.9464,1.0470,5232.1,5211.5
742,44,52,20,18,20,2,0.018434,0.988639,11597.0,4196.0,10985.0,4444.5,0.9441,1.0557,5232.1,5211.5
743,44,56,20,18,21,3,0.026860,0.931376,11407.0,4198.3,10985.0,4477.0,0.9378,1.0384,5232.1,5211.5
744,44,60,20,18,23,5,0.034758,0.886589,11552.0,4417.5,11788.0,4281.9,1.0317,0.9800,5232.1,5211.5
745,44,64,20,18,24,6,0.042160,0.881537,11860.0,4569.0,10985.0,4328.8,1.0555,1.0797,5232.1,5211.5
746,44,68,20,18,26,8,0.049128,0.853910,12374.0,4464.5,10985.0,4522.3,0.9872,1.1264,5232.1,5211.5
747,44,72,20,18,27,9,0.055656,0.853231,12401.0,4285.6,10985.0,4421.6,0.9693,1.1289,5232.1,5211.5
748,44,76,20,18,29,11,0.061757,0.788912,12566.0,4337.1,10985.0,4667.4,0.9292,1.1439,5232.1,5211.5
749,44,80,20,18,31,13,0.067820,0.776261,11891.0,4157.9,10985.0,4456.6,0.9330,1.0825,5232.1,5211.5
750,44,84,20,18,33,15,0.073312,0.671538,11996.0,4158.5,10985.0,4438.9,0.9368,1.0920,5232.1,5211.5
751,44,88,20,18,35,17,0.078477,0.658462,12454.0,4285.3,10985.0,4493.5,0.9537,1.1337,5232.1,5211.5
752,44,92,20,18,37,19,0.083327,0.610236,12569.0,4525.0,10985.0,4574.2,0.9892,1.1442,5232.1,5211.5
753,44,96,20,18,40,22,0.087882,0.591042,13196.0,4309.7,10985.0,4479.7,0.9621,1.2013,5232.1,5211.5
754,44,100,20,18,42,24,0.092174,0.588013,12867.0,4178.7,10985.0,4392.8,0.9513,1.1713,5232.1,5211.5
755,44,104,20,18,45,27,0.096214,0.506674,12941.0,4412.9,11651.0,4455.7,0.9904,1.1107,5232.1,5211.5
756,44,108,20,18,48,30,0.099996,0.457520,13114.0,3756.7,11705.0,4093.0,0.9178,1.1204,5232.1,5211.5
757,44,112,20,18,51,33,0.103559,0.440902,12376.0,3690.3,10985.0,3834.5,0.9624,1.1266,5232.1,5211.5
758,44,116,20,18,54,36,0.106902,0.405757,12901.0,3865.0,10985.0,4015.6,0.9625,1.1744,5232.1,5211.5
759,48,48,20,19,19,0,0.000000,1.000000,13546.0,5735.6,12833.0,5571.5,1.0294,1.0556,5662.9,5617.0
760,48,52,20,19,20,1,0.008928,0.991553,12989.0,4802.8,12199.0,4986.4,0.9632,1.0648,5662.9,5617.0
761,48,56,20,19,21,2,0.017354,0.931612,12744.0,4516.5,12199.0,4913.2,0.9193,1.0447,5662.9,5617.0
762,48,60,20,19,23,4,0.025252,0.887220,12520.0,4574.5,12199.0,4839.1,0.9453,1.0263,5662.9,5617.0
763,48,64,20,19,24,5,0.032654,0.885421,12482.0,4432.4,12199.0,4799.8,0.9235,1.0232,5662.9,5617.0
764,48,68,20,19,26,7,0.039622,0.859317,12754.0,4499.0,12199.0,4625.8,0.9726,1.0455,5662.9,5617.0
765,48,72,20,19,27,8,0.046150,0.853522,13188.0,4645.1,12199.0,4640.2,1.0011,1.0811,5662.9,5617.0
766,48,76,20,19,29,10,0.052251,0.791795,13140.0,4585.1,12199.0,4777.7,0.9597,1.0771,5662.9,5617.0
767,48,80,20,19,31,12,0.058314,0.780818,13197.0,4586.1,12199.0,4897.1,0.9365,1.0818,5662.9,5617.0
768,48,84,20,19,33,14,0.063806,0.676105,13312.0,4879.6,12199.0,5149.4,0.9476,1.0912,5662.9,5617.0
769,48,88,20,19,35,16,0.068971,0.661742,13059.0,4744.9,12199.0,5086.8,0.9328,1.0705,5662.9,5617.0
770,48,92,20,19,37,18,0.073821,0.615389,13337.0,4902.1,12199.0,4886.2,1.0032,1.0933,5662.9,5617.0
771,48,96,20,19,40,21,0.078376,0.602995,13773.0,4835.9,12199.0,4700.0,1.0289,1.1290,5662.9,5617.0
772,48,100,20,19,42,23,0.082668,0.600390,14091.0,4906.4,12199.0,4488.8,1.0930,1.1551,5662.9,5617.0
773,48,104,20,19,45,26,0.086708,0.513632,14434.0,4980.4,12199.0,4535.3,1.0981,1.1832,5662.9,5617.0
774,48,108,20,19,48,29,0.090490,0.472893,15302.0,5236.2,12199.0,4424.8,1.1834,1.2544,5662.9,5617.0
775,48,112,20,19,51,32,0.094053,0.460204,14322.0,4191.8,12199.0,4100.4,1.0223,1.1740,5662.9,5617.0
776,48,116,20,19,54,35,0.097396,0.425928,14665.0,4325.9,12199.0,4059.7,1.0656,1.2021,5662.9,5617.0
777,52,52,20,20,20,0,0.000000,1.000000,11103.0,5090.2,13072.0,5707.5,0.8918,0.8494,5100.9,5658.9
778,52,56,20,20,21,1,0.008426,0.936021,10372.0,4513.8,12817.0,5037.9,0.8960,0.8092,5100.9,5658.9
779,52,60,20,20,23,3,0.016324,0.891162,11063.0,4308.0,12817.0,5171.6,0.8330,0.8632,5100.9,5658.9
780,52,64,20,20,24,4,0.023726,0.890963,12695.0,4352.6,12817.0,5117.3,0.8506,0.9905,5100.9,5658.9
781,52,68,20,20,26,6,0.030694,0.871537,12748.0,4416.8,12817.0,5081.7,0.8691,0.9946,5100.9,5658.9
782,52,72,20,20,27,7,0.037222,0.866527,13296.0,4383.1,12817.0,4956.7,0.8843,1.0374,5100.9,5658.9
783,52,76,20,20,29,9,0.043323,0.800206,12848.0,4583.4,12817.0,4835.6,0.9478,1.0024,5100.9,5658.9
784,52,80,20,20,31,11,0.049386,0.780971,12977.0,4499.3,12817.0,4766.2,0.9440,1.0125,5100.9,5658.9
785,52,84,20,20,33,13,0.054878,0.694001,13997.0,4607.2,12817.0,4569.7,1.0082,1.0921,5100.9,5658.9
786,52,88,20,20,35,15,0.060043,0.673656,13847.0,4628.2,12817.0,4676.3,0.9897,1.0804,5100.9,5658.9
787,52,92,20,20,37,17,0.064893,0.619667,15321.0,4693.1,12817.0,4689.0,1.0009,1.1954,5100.9,5658.9
788,52,96,20,20,40,20,0.069448,0.614919,15232.0,4705.3,12817.0,4939.7,0.9525,1.1884,5100.9,5658.9
789,52,100,20,20,42,22,0.073740,0.612747,13655.0,4081.6,12817.0,4938.0,0.8266,1.0654,5100.9,5658.9
790,52,104,20,20,45,25,0.077780,0.541196,13047.0,4141.5,13549.0,5094.9,0.8129,0.9629,5100.9,5658.9
791,52,108,20,20,48,28,0.081562,0.484745,14222.0,4174.3,14650.0,5119.7,0.8153,0.9708,5100.9,5658.9
792,52,112,20,20,51,31,0.085125,0.476187,15146.0,4209.0,14420.0,5214.5,0.8072,1.0503,5100.9,5658.9
793,52,116,20,20,54,34,0.088468,0.448200,14832.0,3565.8,15496.0,5215.4,0.6837,0.9572,5100.9,5658.9
794,56,56,20,21,21,0,0.000000,1.000000,11856.0,5239.0,10773.0,5072.5,1.0328,1.1005,5184.8,5109.2
795,56,60,20,21,23,2,0.007898,0.901900,11901.0,4217.0,10400.0,4557.4,0.9253,1.1443,5184.8,5109.2
796,56,64,20,21,24,3,0.015300,0.898870,12801.0,4379.9,11347.0,4783.7,0.9156,1.1281,5184.8,5109.2
797,56,68,20,21,26,5,0.022268,0.896912,12626.0,4413.8,10250.0,4639.9,0.9513,1.2318,5184.8,5109.2
798,56,72,20,21,27,6,0.028796,0.894861,12611.0,4493.3,10250.0,4512.6,0.9957,1.2303,5184.8,5109.2
799,56,76,20,21,29,8,0.034897,0.848391,13554.0,4803.2,10937.0,4628.2,1.0378,1.2393,5184.8,5109.2
800,56,80,20,21,31,10,0.040960,0.818795,12899.0,4669.9,10250.0,4359.0,1.0713,1.2584,5184.8,5109.2
801,56,84,20,21,33,12,0.046452,0.753372,14405.0,4642.6,11394.0,4311.8,1.0767,1.2643,5184.8,5109.2
802,56,88,20,21,35,14,0.051617,0.743785,13589.0,4803.5,10836.0,4236.0,1.1340,1.2541,5184.8,5109.2
803,56,92,20,21,37,16,0.056467,0.650446,15256.0,4800.9,11797.0,4203.1,1.1422,1.2932,5184.8,5109.2
804,56,96,20,21,40,19,0.061022,0.636406,15410.0,4917.6,10250.0,3966.5,1.2398,1.5034,5184.8,5109.2
805,56,100,20,21,42,21,0.065314,0.634215,15726.0,4937.2,10250.0,3876.8,1.2735,1.5342,5184.8,5109.2
806,56,104,20,21,45,24,0.069354,0.592085,16559.0,5013.1,10250.0,4003.0,1.2523,1.6155,5184.8,5109.2
807,56,108,20,21,48,27,0.073136,0.515432,16873.0,5034.3,10250.0,4002.9,1.2577,1.6461,5184.8,5109.2
808,56,112,20,21,51,30,0.076699,0.504607,18034.0,4815.7,10339.0,4067.9,1.1838,1.7443,5184.8,5109.2
809,56,116,20,21,54,33,0.080042,0.473167,14151.0,4409.7,10250.0,3952.9,1.1156,1.3806,5184.8,5109.2
810,60,60,20,23,23,0,0.000000,1.000000,11801.0,5401.0,13359.0,5178.5,1.0430,0.8834,5254.7,5224.2
811,60,64,20,23,24,1,0.007402,0.993421,12290.0,4658.0,13015.0,4613.2,1.0097,0.9443,5254.7,5224.2
812,60,68,20,23,26,3,0.014370,0.951277,12588.0,4524.5,13015.0,4733.0,0.9560,0.9672,5254.7,5224.2
813,60,72,20,23,27,4,0.020898,0.950372,12992.0,4416.1,13015.0,4706.0,0.9384,0.9982,5254.7,5224.2
814,60,76,20,23,29,6,0.026999,0.897093,12875.0,4699.1,13015.0,4689.5,1.0020,0.9892,5254.7,5224.2
815,60,80,20,23,31,8,0.033062,0.880511,13812.0,4742.1,13015.0,4684.4,1.0123,1.0612,5254.7,5224.2
816,60,84,20,23,33,10,0.038554,0.823914,14253.0,4720.5,13015.0,4616.5,1.0225,1.0951,5254.7,5224.2
817,60,88,20,23,35,12,0.043719,0.804607,14588.0,4809.6,13015.0,4375.1,1.0993,1.1209,5254.7,5224.2
818,60,92,20,23,37,14,0.048569,0.759629,14896.0,4893.2,13015.0,4313.3,1.1345,1.1445,5254.7,5224.2
819,60,96,20,23,40,17,0.053124,0.739229,14829.0,4667.1,13015.0,4056.5,1.1505,1.1394,5254.7,5224.2
820,60,100,20,23,42,19,0.057416,0.736368,14269.0,4400.8,13015.0,4005.3,1.0988,1.0964,5254.7,5224.2
821,60,104,20,23,45,22,0.061456,0.648138,13787.0,4178.2,13015.0,3905.8,1.0697,1.0593,5254.7,5224.2
822,60,108,20,23,48,25,0.065238,0.600738,14285.0,4301.3,13015.0,3857.0,1.1152,1.0976,5254.7,5224.2
823,60,112,20,23,51,28,0.068801,0.581700,15109.0,4332.8,13015.0,3807.9,1.1379,1.1609,5254.7,5224.2
824,60,116,20,23,54,31,0.072144,0.522450,15085.0,4441.4,13015.0,3792.1,1.1713,1.1590,5254.7,5224.2
825,64,64,20,24,24,0,0.000000,1.000000,12329.0,5316.0,11713.0,5264.7,1.0097,1.0526,5314.4,5258.0
826,64,68,20,24,26,2,0.006968,0.955498,12717.0,4405.9,11711.0,4557.4,0.9668,1.0859,5314.4,5258.0
827,64,72,20,24,27,3,0.013496,0.951396,12571.0,4410.0,11713.0,4612.3,0.9561,1.0733,5314.4,5258.0
828,64,76,20,24,29,5,0.019597,0.899677,12855.0,4722.3,11713.0,4562.8,1.0349,1.0975,5314.4,5258.0
829,64,80,20,24,31,7,0.025660,0.889397,12742.0,4700.3,11713.0,4441.2,1.0583,1.0879,5314.4,5258.0
830,64,84,20,24,33,9,0.031152,0.836402,13536.0,4835.6,11713.0,4664.8,1.0366,1.1556,5314.4,5258.0
831,64,88,20,24,35,11,0.036317,0.810724,14075.0,4726.4,11713.0,4624.1,1.0221,1.2017,5314.4,5258.0
832,64,92,20,24,37,13,0.041167,0.759547,13792.0,4789.1,11896.0,4841.3,0.9892,1.1594,5314.4,5258.0
833,64,96,20,24,40,16,0.045722,0.751464,13761.0,4892.7,13586.0,4791.2,1.0212,1.0129,5314.4,5258.0
834,64,100,20,24,42,18,0.050014,0.748461,14563.0,4978.8,12298.0,4654.6,1.0696,1.1842,5314.4,5258.0
835,64,104,20,24,45,21,0.054054,0.652760,15397.0,5084.3,13445.0,4948.0,1.0276,1.1452,5314.4,5258.0
836,64,108,20,24,48,24,0.057836,0.614145,16314.0,5179.8,14609.0,5062.0,1.0233,1.1167,5314.4,5258.0
837,64,112,20,24,51,27,0.061399,0.603249,16738.0,5127.4,14152.0,5012.0,1.0230,1.1827,5314.4,5258.0
838,64,116,20,24,54,30,0.064742,0.545731,15877.0,5142.5,13875.0,4997.1,1.0291,1.1443,5314.4,5258.0
839,68,68,20,26,26,0,0.000000,1.000000,13164.0,4919.4,10589.0,5008.3,0.9823,1.2432,5131.3,5002.2
840,68,72,20,26,27,1,0.006528,0.994368,13785.0,4502.7,10557.0,4674.0,0.9633,1.3058,5131.3,5002.2
841,68,76,20,26,29,3,0.012629,0.921948,13449.0,4418.6,10558.0,4525.9,0.9763,1.2738,5131.3,5002.2
842,68,80,20,26,31,5,0.018692,0.906140,13695.0,4517.6,10558.0,4445.6,1.0162,1.2971,5131.3,5002.2
843,68,84,20,26,33,7,0.024184,0.874892,14342.0,4646.9,10583.0,4218.9,1.1014,1.3552,5131.3,5002.2
844,68,88,20,26,35,9,0.029349,0.850639,14796.0,4758.2,10558.0,4299.2,1.1068,1.4014,5131.3,5002.2
845,68,92,20,26,37,11,0.034199,0.798260,13789.0,4649.5,12195.0,4417.1,1.0526,1.1307,5131.3,5002.2
846,68,96,20,26,40,14,0.038754,0.783791,14918.0,4797.3,13654.0,4663.9,1.0286,1.0926,5131.3,5002.2
847,68,100,20,26,42,16,0.043046,0.781214,15305.0,4842.7,13790.0,4727.7,1.0243,1.1099,5131.3,5002.2
848,68,104,20,26,45,19,0.047086,0.710586,16579.0,5029.6,14550.0,4832.8,1.0407,1.1395,5131.3,5002.2
849,68,108,20,26,48,22,0.050868,0.634354,17115.0,5148.9,15925.0,4773.0,1.0788,1.0747,5131.3,5002.2
850,68,112,20,26,51,25,0.054431,0.629874,16149.0,5150.2,15112.0,4747.9,1.0847,1.0686,5131.3,5002.2
851,68,116,20,26,54,28,0.057774,0.598670,18112.0,5212.2,15907.0,4901.2,1.0635,1.1386,5131.3,5002.2
852,72,72,20,27,27,0,0.000000,1.000000,13085.0,5238.7,10842.0,4976.1,1.0528,1.2069,5128.2,5047.1
853,72,76,20,27,29,2,0.006101,0.927325,14082.0,4690.5,11832.0,4369.4,1.0735,1.1902,5128.2,5047.1
854,72,80,20,27,31,4,0.012164,0.907137,13941.0,4710.5,11274.0,4424.1,1.0647,1.2366,5128.2,5047.1
855,72,84,20,27,33,6,0.017656,0.879530,14605.0,4800.5,11864.0,4669.0,1.0282,1.2310,5128.2,5047.1
856,72,88,20,27,35,8,0.022821,0.860365,14745.0,4952.4,11285.0,4692.3,1.0554,1.3066,5128.2,5047.1
857,72,92,20,27,37,10,0.027671,0.809428,15122.0,4813.5,12520.0,4489.5,1.0722,1.2078,5128.2,5047.1
858,72,96,20,27,40,13,0.032226,0.787202,16890.0,4820.7,14698.0,4844.4,0.9951,1.1491,5128.2,5047.1
859,72,100,20,27,42,15,0.036518,0.785667,14277.0,4616.4,14595.0,4833.2,0.9551,0.9782,5128.2,5047.1
860,72,104,20,27,45,18,0.040558,0.721915,15892.0,4421.3,15923.0,4957.3,0.8919,0.9981,5128.2,5047.1
861,72,108,20,27,48,21,0.044340,0.640352,15160.0,4252.0,14997.0,4766.4,0.8921,1.0109,5128.2,5047.1
862,72,112,20,27,51,24,0.047903,0.632762,15243.0,4301.7,15729.0,4834.3,0.8898,0.9691,5128.2,5047.1
863,72,116,20,27,54,27,0.051246,0.606247,16430.0,4402.9,16995.0,4952.5,0.8890,0.9668,5128.2,5047.1
864,76,76,20,29,29,0,0.000000,1.000000,12868.0,5410.6,11740.0,4917.0,1.1004,1.0961,5137.2,5133.7
865,76,80,20,29,31,2,0.006063,0.965016,14222.0,4883.6,11741.0,4541.0,1.0754,1.2113,5137.2,5133.7
866,76,84,20,29,33,4,0.011555,0.910969,14476.0,4997.2,12008.0,4501.2,1.1102,1.2055,5137.2,5133.7
867,76,88,20,29,35,6,0.016720,0.906145,15379.0,5081.3,11740.0,4439.4,1.1446,1.3100,5137.2,5133.7
868,76,92,20,29,37,8,0.021570,0.866928,15477.0,5277.3,12060.0,4558.3,1.1577,1.2833,5137.2,5133.7
869,76,96,20,29,40,11,0.026125,0.841198,15683.0,5127.5,13634.0,4717.6,1.0869,1.1503,5137.2,5133.7
870,76,100,20,29,42,13,0.030417,0.836352,16742.0,4956.7,13306.0,4784.0,1.0361,1.2582,5137.2,5133.7
871,76,104,20,29,45,16,0.034457,0.785239,15195.0,4719.3,14237.0,4865.0,0.9701,1.0673,5137.2,5133.7
872,76,108,20,29,48,19,0.038239,0.722094,15134.0,4573.9,15041.0,4825.7,0.9478,1.0062,5137.2,5133.7
873,76,112,20,29,51,22,0.041802,0.707689,15602.0,4492.0,14189.0,4812.8,0.9333,1.0996,5137.2,5133.7
874,76,116,20,29,54,25,0.045145,0.646438,17069.0,4639.6,16193.0,5124.9,0.9053,1.0541,5137.2,5133.7
875,80,80,20,31,31,0,0.000000,1.000000,14034.0,4915.2,11280.0,5167.1,0.9513,1.2441,5111.3,5015.2
876,80,84,20,31,33,2,0.005492,0.941021,14809.0,4347.2,12111.0,4857.3,0.8950,1.2228,5111.3,5015.2
877,80,88,20,31,35,4,0.010657,0.915765,14630.0,4471.1,11280.0,4808.7,0.9298,1.2970,5111.3,5015.2
878,80,92,20,31,37,6,0.015507,0.889349,15590.0,4535.7,11557.0,4610.0,0.9839,1.3490,5111.3,5015.2
879,80,96,20,31,40,9,0.020062,0.877828,15426.0,4789.1,12918.0,4584.1,1.0447,1.1941,5111.3,5015.2
880,80,100,20,31,42,11,0.024354,0.873684,16380.0,4772.2,11902.0,4510.7,1.0580,1.3762,5111.3,5015.2
881,80,104,20,31,45,14,0.028394,0.813825,15922.0,4892.0,11658.0,4517.9,1.0828,1.3658,5111.3,5015.2
882,80,108,20,31,48,17,0.032176,0.762076,16371.0,4742.0,11366.0,4403.1,1.0770,1.4403,5111.3,5015.2
883,80,112,20,31,51,20,0.035739,0.755724,17493.0,4977.9,11280.0,4426.0,1.1247,1.5508,5111.3,5015.2
884,80,116,20,31,54,23,0.039082,0.692358,16637.0,4994.5,11280.0,4379.6,1.1404,1.4749,5111.3,5015.2
885,84,84,20,33,33,0,0.000000,1.000000,14870.0,4960.6,12211.0,5193.1,0.9552,1.2178,5113.2,5068.7
886,84,88,20,33,35,2,0.005165,0.969704,14791.0,4446.9,12194.0,4767.7,0.9327,1.2130,5113.2,5068.7
887,84,92,20,33,37,4,0.010015,0.917524,15489.0,4625.1,12194.0,4887.5,0.9463,1.2702,5113.2,5068.7
888,84,96,20,33,40,7,0.014570,0.911749,15014.0,4678.6,12653.0,4693.1,0.9969,1.1866,5113.2,5068.7
889,84,100,20,33,42,9,0.018862,0.910056,16282.0,4681.5,12194.0,4635.4,1.0099,1.3352,5113.2,5068.7
890,84,104,20,33,45,12,0.022902,0.861836,16501.0,4833.7,12651.0,4677.2,1.0335,1.3043,5113.2,5068.7
891,84,108,20,33,48,15,0.026684,0.805712,16659.0,4855.0,12410.0,4600.6,1.0553,1.3424,5113.2,5068.7
892,84,112,20,33,51,18,0.030247,0.797006,17682.0,4996.5,12194.0,4663.9,1.0713,1.4501,5113.2,5068.7
893,84,116,20,33,54,21,0.033590,0.764024,17783.0,5074.6,12194.0,4619.2,1.0986,1.4583,5113.2,5068.7
894,88,88,20,35,35,0,0.000000,1.000000,16284.0,5177.9,11860.0,4908.6,1.0549,1.3730,4935.7,5005.3
895,88,92,20,35,37,2,0.004850,0.949304,15693.0,4583.6,12290.0,4484.1,1.0222,1.2769,4935.7,5005.3
896,88,96,20,35,40,5,0.009405,0.922196,15708.0,4645.5,13721.0,4658.4,0.9972,1.1448,4935.7,5005.3
897,88,100,20,35,42,7,0.013697,0.921126,15692.0,4648.0,14000.0,4733.7,0.9819,1.1209,4935.7,5005.3
898,88,104,20,35,45,10,0.017737,0.887807,16411.0,4830.1,14614.0,4659.5,1.0366,1.1230,4935.7,5005.3
899,88,108,20,35,48,13,0.021519,0.837783,15820.0,4861.8,15746.0,4766.3,1.0200,1.0047,4935.7,5005.3
900,88,112,20,35,51,16,0.025082,0.819624,16251.0,4874.1,14648.0,4621.7,1.0546,1.1094,4935.7,5005.3
901,88,116,20,35,54,19,0.028425,0.785481,17260.0,5000.5,16028.0,4538.6,1.1018,1.0769,4935.7,5005.3
902,92,92,20,37,37,0,0.000000,1.000000,16114.0,5111.1,12935.0,5010.9,1.0200,1.2458,5103.5,5032.1
903,92,96,20,37,40,3,0.004555,0.972390,15298.0,4665.0,13404.0,4625.3,1.0086,1.1413,5103.5,5032.1
904,92,100,20,37,42,5,0.008847,0.968955,15089.0,4642.8,12059.0,4034.8,1.1507,1.2513,5103.5,5032.1
905,92,104,20,37,45,8,0.012887,0.915874,16661.0,4969.4,8095.0,3581.8,1.3874,2.0582,5103.5,5032.1
906,92,108,20,37,48,11,0.016669,0.878587,17226.0,4949.7,9402.0,3817.3,1.2966,1.8322,5103.5,5032.1
907,92,112,20,37,51,14,0.020232,0.859355,16770.0,4924.6,12045.0,3967.3,1.2413,1.3923,5103.5,5032.1
908,92,116,20,37,54,17,0.023575,0.823104,17348.0,5147.0,10968.0,3675.7,1.4003,1.5817,5103.5,5032.1
909,96,96,20,40,40,0,0.000000,1.000000,17057.0,5274.6,14935.0,5154.5,1.0233,1.1421,5049.3,5024.7
910,96,100,20,40,42,2,0.004292,0.995045,17003.0,4893.7,14934.0,4873.1,1.0042,1.1385,5049.3,5024.7
911,96,104,20,40,45,5,0.008332,0.929336,16893.0,5006.0,15521.0,4906.7,1.0203,1.0884,5049.3,5024.7
912,96,108,20,40,48,8,0.012114,0.896188,16906.0,5098.3,15793.0,4924.1,1.0354,1.0705,5049.3,5024.7
913,96,112,20,40,51,11,0.015677,0.887523,16940.0,5143.6,15415.0,4859.0,1.0586,1.0989,5049.3,5024.7
914,96,116,20,40,54,14,0.019020,0.854764,16943.0,5245.2,16457.0,4969.5,1.0555,1.0295,5049.3,5024.7
915,100,100,20,42,42,0,0.000000,1.000000,17523.0,5483.0,15019.0,4837.7,1.1334,1.1667,5408.1,5212.6
916,100,104,20,42,45,3,0.004040,0.933245,17429.0,5126.8,15692.0,4713.8,1.0876,1.1107,5408.1,5212.6
917,100,108,20,42,48,6,0.007822,0.897637,18430.0,5022.3,16067.0,4554.8,1.1027,1.1471,5408.1,5212.6
918,100,112,20,42,51,9,0.011385,0.891228,19214.0,5207.9,15853.0,4711.3,1.1054,1.2120,5408.1,5212.6
919,100,116,20,42,54,12,0.014728,0.862709,19172.0,5197.9,14699.0,4640.6,1.1201,1.3043,5408.1,5212.6
920,104,104,20,45,45,0,0.000000,1.000000,18604.0,4798.2,16128.0,5368.0,0.8939,1.1535,5186.1,5130.3
921,104,108,20,45,48,3,0.003782,0.938075,17847.0,4062.7,16173.0,5227.3,0.7772,1.1035,5186.1,5130.3
922,104,112,20,45,51,6,0.007345,0.924261,17316.0,3952.1,16081.0,5220.5,0.7570,1.0768,5186.1,5130.3
923,104,116,20,45,54,9,0.010688,0.900822,18307.0,4097.2,17085.0,5287.2,0.7749,1.0715,5186.1,5130.3
924,108,108,20,48,48,0,0.000000,1.000000,17812.0,5072.9,15854.0,4299.3,1.1799,1.1235,5053.3,4971.6
925,108,112,20,48,51,3,0.003563,0.981019,17878.0,4862.5,15487.0,4229.8,1.1496,1.1544,5053.3,4971.6
926,108,116,20,48,54,6,0.006906,0.940547,18981.0,4615.0,15964.0,4262.6,1.0827,1.1890,5053.3,4971.6
927,112,112,20,51,51,0,0.000000,1.000000,18910.0,5233.3,16495.0,5472.1,0.9564,1.1464,5062.9,4882.3
928,112,116,20,51,54,3,0.003343,0.966774,18737.0,5067.4,17134.0,5319.6,0.9526,1.0936,5062.9,4882.3
929,116,116,20,54,54,0,0.000000,1.000000,18769.0,5515.1,16832.0,4439.8,1.2422,1.1151,5128.0,5089.4
